date,pm25,pm10,o3,no2,so2,co
2020-01-01,88.0,49.0,5.0,14.0,2.0,3.0
2020-01-02,89.0,68.0,9.0,19.0,6.0,13.0
2020-01-03,123.0,74.0,11.0,18.0,4.0,14.0
2020-01-04,137.0,49.0,7.0,12.0,3.0,6.0
2020-01-05,95.0,55.0,4.0,19.0,8.0,9.0
2020-01-06,92.0,69.0,19.0,26.0,4.0,10.0
2020-01-07,127.0,71.0,19.0,17.0,1.0,4.0
2020-01-08,124.0,57.0,15.0,15.0,9.0,2.0
2020-01-09,113.0,49.0,22.0,21.0,7.0,4.0
2020-01-10,76.0,57.0,30.0,26.0,6.0,11.0
2020-01-11,88.0,66.0,36.0,23.0,1.0,10.0
2020-01-12,740.0,74.0,20.0,41.0,16.0,19.0
2020-01-13,333.0,78.0,30.0,27.0,10.0,14.0
2020-01-14,128.0,75.0,24.0,19.0,4.0,8.0
2020-01-15,128.0,64.0,14.0,18.0,2.0,10.0
2020-01-16,121.0,61.0,18.0,17.0,2.0,6.0
2020-01-17,102.0,58.0,16.0,14.0,2.0,8.0
2020-01-18,102.0,58.0,14.0,9.0,2.0,2.0
2020-01-19,277.0,53.0,16.0,15.0,9.0,11.0
2020-01-20,283.0,76.0,19.0,19.0,2.0,15.0
2020-01-21,135.0,74.0,14.0,29.0,1.0,13.0
2020-01-22,124.0,60.0,14.0,14.0,2.0,2.0
2020-01-23,198.0,49.0,34.0,26.0,4.0,11.0
2020-01-24,221.0,65.0,27.0,27.0,3.0,8.0
2020-01-25,115.0,47.0,19.0,23.0,6.0,7.0
2020-01-26,85.0,51.0,23.0,27.0,3.0,9.0
2020-01-27,88.0,53.0,12.0,25.0,2.0,5.0
2020-01-28,107.0,44.0,20.0,17.0,3.0,3.0
2020-01-29,73.0,40.0,22.0,16.0,9.0,3.0
2020-01-30,58.0,43.0,37.0,23.0,4.0,8.0
2020-01-31,90.0,53.0,32.0,20.0,3.0,4.0
2020-02-01,83.0,46.0,35.0,18.0,6.0,3.0
2020-02-02,62.0,58.0,18.0,23.0,7.0,6.0
2020-02-03,419.0,68.0,10.0,21.0,3.0,5.0
2020-02-04,133.0,64.0,3.0,26.0,9.0,12.0
2020-02-05,120.0,55.0,14.0,15.0,8.0,3.0
2020-02-06,105.0,50.0,11.0,13.0,6.0,2.0
2020-02-07,107.0,50.0,22.0,12.0,2.0,2.0
2020-02-08,103.0,46.0,30.0,12.0,1.0,1.0
2020-02-09,88.0,52.5,28.5,22.0,5.5,6.5
2020-02-10,104.0,73.0,43.0,32.0,10.0,14.0
2020-02-11,137.0,59.0,34.0,22.0,5.0,7.0
2020-02-12,119.0,49.0,31.0,23.0,2.0,11.0
2020-02-13,100.0,34.0,21.0,15.0,2.0,2.0
2020-02-14,66.0,57.0,37.0,30.0,8.0,13.0
2020-02-15,106.0,49.0,39.0,18.0,9.0,1.0
2020-02-16,99.0,97.0,5.0,48.0,8.0,30.0
2020-02-17,130.0,45.0,42.0,24.0,8.0,9.0
2020-02-18,79.0,50.0,34.0,23.0,5.0,8.0
2020-02-19,91.0,53.0,19.0,22.0,4.0,5.0
2020-02-20,105.0,52.0,15.0,14.0,2.0,5.0
2020-02-21,104.0,54.0,24.0,22.0,5.0,9.0
2020-02-22,101.0,47.0,27.0,15.0,4.0,3.0
2020-02-23,97.0,50.0,23.0,18.0,5.0,7.0
2020-02-24,104.0,50.0,33.0,17.0,5.0,5.0
2020-02-25,99.0,42.0,33.0,25.0,19.0,7.0
2020-02-26,77.0,58.0,15.0,42.0,32.0,9.0
2020-02-27,105.0,62.0,40.0,29.0,8.0,10.0
2020-02-28,118.0,58.0,37.0,24.0,8.0,9.0
2020-02-29,111.0,55.0,34.0,19.0,5.0,4.0
2020-03-01,106.0,57.0,30.0,22.0,5.0,9.0
2020-03-02,86.0,57.0,30.0,26.0,4.0,8.0
2020-03-03,112.0,49.0,41.0,18.0,5.0,4.0
2020-03-04,78.0,61.0,30.0,32.0,13.0,14.0
2020-03-05,96.0,54.0,22.0,25.0,2.0,6.0
2020-03-06,79.0,173.0,22.0,22.0,4.0,7.0
2020-03-07,100.0,57.0,35.0,13.0,2.0,2.0
2020-03-08,75.0,40.0,30.0,19.0,2.0,4.0
2020-03-09,75.0,40.0,30.0,19.0,2.0,4.0
2020-03-10,75.0,46.0,8.0,31.0,2.0,14.0
2020-03-11,80.0,35.0,23.0,19.0,2.0,5.0
2020-03-12,70.0,35.0,7.0,12.0,2.0,2.0
2020-03-13,72.0,40.0,30.0,19.0,2.0,4.0
2020-03-14,75.0,40.0,30.0,19.0,2.0,4.0
2020-03-15,75.0,46.0,36.0,30.0,2.0,10.0
2020-03-16,104.0,49.0,34.0,18.0,2.0,7.0
2020-03-17,82.0,46.0,16.0,22.0,2.0,6.0
2020-03-18,79.0,40.0,27.0,22.0,2.0,9.0
2020-03-19,73.0,41.0,33.0,19.0,1.0,9.0
2020-03-20,78.0,40.0,34.0,16.0,2.0,4.0
2020-03-21,75.0,39.0,28.0,11.0,2.0,2.0
2020-03-22,67.0,42.0,36.0,27.0,2.0,3.0
2020-03-23,72.0,39.0,25.0,14.0,2.0,2.0
2020-03-24,72.0,35.0,30.0,55.0,2.0,8.0
2020-03-25,59.0,36.0,26.0,39.0,2.0,2.0
2020-03-26,63.0,38.0,24.0,11.0,2.0,2.0
2020-03-27,74.0,34.0,28.0,12.0,1.0,2.0
2020-03-28,69.0,33.0,30.0,9.0,2.0,2.0
2020-03-29,66.0,29.0,27.0,11.0,2.0,3.0
2020-03-30,60.0,28.0,33.0,8.0,2.0,2.0
2020-03-31,57.0,30.0,33.0,9.0,2.0,2.0
2020-04-01,57.0,42.0,39.0,7.0,1.0,2.0
2020-04-02,73.0,48.0,38.0,5.0,1.0,2.0
2020-04-03,75.0,45.0,36.0,5.0,1.0,2.0
2020-04-04,81.0,30.0,35.0,23.0,1.0,15.0
2020-04-05,64.0,17.0,29.0,8.0,1.0,30.0
2020-04-06,79.0,39.0,41.0,5.0,1.0,3.0
2020-04-07,79.0,37.0,13.0,9.0,1.0,4.0
2020-04-08,60.0,48.0,45.0,11.0,1.0,5.0
2020-04-09,78.0,46.0,39.0,8.0,1.0,3.0
2020-04-10,74.0,42.0,41.0,9.0,1.0,3.0
2020-04-11,68.0,50.0,41.0,7.0,1.0,3.0
2020-04-12,74.0,52.0,38.0,10.0,1.0,5.0
2020-04-13,84.0,47.0,41.0,7.0,1.0,3.0
2020-04-14,75.0,44.0,45.0,8.0,1.0,3.0
2020-04-15,73.0,38.0,35.0,10.0,1.0,4.0
2020-04-16,67.0,49.0,36.0,9.0,1.0,4.0
2020-04-17,88.0,54.0,43.0,8.0,1.0,4.0
2020-04-18,91.0,31.0,31.0,7.0,1.0,2.0
2020-04-19,65.0,33.0,21.0,6.0,1.0,2.0
2020-04-20,65.0,28.0,30.0,7.0,1.0,3.0
2020-04-21,57.0,45.0,43.0,8.0,1.0,3.0
2020-04-22,82.0,43.0,34.0,10.0,1.0,4.0
2020-04-23,75.0,44.0,30.0,9.0,1.0,4.0
2020-04-24,71.0,29.0,32.0,6.0,1.0,2.0
2020-04-25,52.0,43.0,34.0,5.0,1.0,3.0
2020-04-26,53.0,39.0,32.0,7.0,1.0,2.0
2020-04-27,69.0,26.0,34.0,8.0,1.0,3.0
2020-04-28,59.0,33.0,34.0,11.0,1.0,3.0
2020-04-29,68.0,47.0,37.0,10.0,1.0,5.0
2020-04-30,87.0,46.0,33.0,10.0,1.0,4.0
2020-05-01,95.0,46.0,45.0,13.0,1.0,4.0
2020-05-02,105.0,37.0,36.0,9.0,1.0,3.0
2020-05-03,95.0,37.0,31.0,11.0,1.0,3.0
2020-05-04,70.0,39.0,38.0,7.0,1.0,3.0
2020-05-05,82.0,32.0,36.0,8.0,1.0,3.0
2020-05-06,71.0,26.0,30.0,6.0,1.0,2.0
2020-05-07,64.0,30.0,33.0,6.0,1.0,2.0
2020-05-08,76.0,30.0,36.0,7.0,1.0,2.0
2020-05-09,70.0,29.0,37.0,5.0,1.0,1.0
2020-05-10,55.0,18.0,42.0,7.0,1.0,2.0
2020-05-11,47.0,29.0,41.0,9.0,1.0,3.0
2020-05-12,66.0,32.0,35.0,7.0,1.0,2.0
2020-05-13,66.0,28.0,39.0,9.0,1.0,3.0
2020-05-14,67.0,31.0,36.0,8.0,1.0,3.0
2020-05-15,63.0,31.0,38.0,6.0,1.0,2.0
2020-05-16,71.0,32.0,40.0,8.0,3.0,3.0
2020-05-17,64.0,29.0,40.0,8.0,1.0,2.0
2020-05-18,64.0,31.0,43.0,10.0,1.0,3.0
2020-05-19,71.0,43.0,42.0,9.0,1.0,3.0
2020-05-20,72.0,36.0,45.0,10.0,1.0,3.0
2020-05-21,67.0,40.0,35.0,11.0,1.0,3.0
2020-05-22,72.0,46.0,35.0,9.0,1.0,3.0
2020-05-23,73.0,36.0,36.0,10.0,1.0,3.0
2020-05-24,68.0,38.0,36.0,10.0,1.0,3.0
2020-05-25,73.0,37.0,32.0,11.0,1.0,3.0
2020-05-26,76.0,31.0,32.0,8.0,1.0,9.0
2020-05-27,62.0,32.0,24.0,5.0,1.0,1.0
2020-05-28,72.0,35.0,28.0,6.0,1.0,1.0
2020-05-29,89.0,45.0,30.0,6.0,2.0,1.0
2020-05-30,92.0,49.0,30.0,2.0,1.0,1.0
2020-05-31,80.0,18.0,25.0,37.0,1.0,4.0
2020-06-01,46.0,19.0,29.0,45.0,1.0,4.0
2020-06-02,40.0,19.0,18.0,26.0,1.0,2.0
2020-06-03,44.0,13.0,17.0,6.0,1.0,2.0
2020-06-04,28.0,17.0,35.0,11.0,1.0,4.0
2020-06-05,21.0,44.0,25.0,11.0,1.0,6.0
2020-06-06,78.0,36.0,44.0,5.0,1.0,2.0
2020-06-07,69.0,35.0,41.0,8.0,2.0,3.0
2020-06-08,67.0,33.0,40.0,6.0,2.0,3.0
2020-06-09,65.0,29.0,44.0,4.0,1.0,2.0
2020-06-10,52.0,34.0,48.0,5.0,1.0,2.0
2020-06-11,63.0,31.0,33.0,4.0,1.0,3.0
2020-06-12,71.0,38.0,12.0,6.0,1.0,3.0
2020-06-13,81.0,22.0,35.0,4.0,1.0,2.0
2020-06-14,52.0,26.0,35.0,17.0,1.0,3.0
2020-06-15,50.0,22.0,2.0,19.0,1.0,2.0
2020-06-16,39.0,31.0,140.0,5.0,1.0,3.0
2020-06-17,57.0,40.0,125.0,4.0,1.0,3.0
2020-06-18,44.0,31.0,35.0,4.0,1.0,3.0
2020-06-19,57.0,35.0,35.0,2.0,1.0,2.0
2020-06-20,57.0,45.0,35.0,2.0,1.0,1.0
2020-06-21,67.0,43.0,35.0,6.0,1.0,3.0
2020-06-22,72.0,37.0,35.0,6.0,1.0,6.0
2020-06-23,73.0,41.0,35.0,5.0,1.0,4.0
2020-06-24,79.0,38.0,35.0,5.0,2.0,3.0
2020-06-25,62.0,27.0,35.0,5.0,1.0,2.0
2020-06-26,44.0,24.0,35.0,4.0,1.0,1.0
2020-06-27,47.0,21.0,35.0,3.0,1.0,1.0
2020-06-28,34.0,14.0,35.0,5.0,1.0,1.0
2020-06-29,47.0,34.0,35.0,6.0,1.0,1.0
2020-06-30,60.0,33.0,35.0,7.0,1.0,1.0
2020-07-01,68.0,30.0,28.0,4.0,1.0,1.0
2020-07-02,58.0,31.0,28.0,3.0,3.0,1.0
2020-07-03,57.0,32.0,28.0,3.0,1.0,1.0
2020-07-04,64.0,16.0,28.0,2.0,1.0,1.0
2020-07-05,34.0,26.0,28.0,4.0,1.0,1.0
2020-07-06,53.0,36.0,28.0,5.0,1.0,1.0
2020-07-07,58.0,29.5,28.0,6.0,1.0,1.0
2020-07-08,55.5,29.5,28.0,6.0,1.0,1.0
2020-07-09,55.5,29.5,28.0,6.0,1.0,1.0
2020-07-10,55.5,29.5,28.0,6.0,1.0,1.0
2020-07-11,55.5,29.5,28.0,6.0,1.0,1.0
2020-07-12,55.5,25.0,28.0,3.0,1.0,1.0
2020-07-13,61.0,29.0,28.0,3.0,1.0,1.0
2020-07-14,73.0,14.0,28.0,4.0,1.0,1.0
2020-07-15,35.0,27.0,28.0,5.0,1.0,2.0
2020-07-16,55.0,27.0,28.0,4.0,1.0,1.0
2020-07-17,44.0,30.0,28.0,4.0,1.0,1.0
2020-07-18,56.0,33.0,28.0,3.0,1.0,1.0
2020-07-19,53.0,47.0,28.0,16.0,1.0,2.0
2020-07-20,85.0,32.0,28.0,10.0,1.0,1.0
2020-07-21,57.0,33.0,28.0,7.0,1.0,1.0
2020-07-22,62.0,20.0,28.0,9.0,1.0,1.0
2020-07-23,42.0,30.0,28.0,22.0,1.0,1.0
2020-07-24,51.0,22.0,28.0,15.0,1.0,1.0
2020-07-25,49.0,15.0,28.0,10.0,1.0,1.0
2020-07-26,40.0,26.0,28.0,9.0,1.0,1.0
2020-07-27,43.0,26.0,28.0,7.0,1.0,1.0
2020-07-28,52.0,24.0,28.0,8.0,2.0,1.0
2020-07-29,55.0,43.0,28.0,15.0,2.0,1.0
2020-07-30,87.0,41.0,28.0,17.0,1.0,1.0
2020-07-31,86.0,34.0,28.0,15.0,1.0,1.0
2020-08-01,65.0,34.0,28.0,14.0,1.0,1.0
2020-08-02,71.0,19.0,28.0,13.0,1.0,1.0
2020-08-03,28.0,25.0,28.0,8.0,1.0,1.0
2020-08-04,27.0,30.0,28.0,7.0,1.0,1.0
2020-08-05,59.0,21.0,28.0,7.0,1.0,1.0
2020-08-06,41.0,33.0,28.0,6.0,1.0,2.0
2020-08-07,64.0,25.0,28.0,5.0,1.0,1.0
2020-08-08,55.0,25.0,28.0,5.0,1.0,1.0
2020-08-09,49.0,24.0,28.0,5.0,1.0,1.0
2020-08-10,54.0,32.0,28.0,5.0,1.0,1.0
2020-08-11,57.0,19.0,28.0,4.0,1.0,1.0
2020-08-12,30.0,15.0,28.0,4.0,1.0,1.0
2020-08-13,38.0,13.0,28.0,5.0,1.0,1.0
2020-08-14,24.0,20.0,28.0,3.0,1.0,1.0
2020-08-15,39.0,21.0,28.0,4.0,1.0,1.0
2020-08-16,50.0,23.0,28.0,4.0,1.0,1.0
2020-08-17,42.0,24.0,28.0,4.0,1.0,1.0
2020-08-18,31.0,24.0,28.0,3.0,1.0,1.0
2020-08-19,32.0,13.0,28.0,3.0,1.0,1.0
2020-08-20,34.0,24.0,28.0,5.0,1.0,1.0
2020-08-21,42.0,21.0,28.0,2.0,1.0,1.0
2020-08-22,47.0,24.0,28.0,8.0,1.0,1.0
2020-08-23,32.0,27.0,28.0,2.0,1.0,1.0
2020-08-24,47.0,24.0,28.0,5.0,1.0,1.0
2020-08-25,42.0,24.0,28.0,5.0,1.0,1.0
2020-08-26,42.0,24.0,28.0,5.0,1.0,1.0
2020-08-27,42.0,24.0,28.0,5.0,1.0,1.0
2020-08-28,42.0,24.0,28.0,5.0,1.0,1.0
2020-08-29,42.0,24.0,28.0,5.0,1.0,1.0
2020-08-30,42.0,24.0,28.0,5.0,1.0,1.0
2020-08-31,42.0,56.0,28.0,4.0,2.0,2.0
2020-09-01,82.0,42.5,28.0,8.0,1.0,7.0
2020-09-02,74.0,42.5,28.0,8.0,1.0,7.0
2020-09-03,74.0,61.0,28.0,11.0,1.0,2.0
2020-09-04,120.0,54.0,28.0,5.0,1.0,1.0
2020-09-05,94.0,36.0,28.0,4.0,1.0,1.0
2020-09-06,63.0,54.0,28.0,5.0,1.0,2.0
2020-09-07,55.0,34.0,28.0,5.0,1.0,1.0
2020-09-08,60.0,43.0,28.0,5.0,1.0,1.0
2020-09-09,80.0,36.0,28.0,5.0,1.0,1.0
2020-09-10,66.0,37.0,28.0,3.0,1.0,1.0
2020-09-11,74.0,50.0,29.0,4.0,1.0,6.0
2020-09-12,79.0,49.0,28.0,9.0,1.0,12.0
2020-09-13,86.0,34.0,28.0,14.0,1.0,8.0
2020-09-14,61.0,39.0,28.0,8.0,1.0,7.0
2020-09-15,70.0,35.0,28.0,6.0,1.0,8.0
2020-09-16,61.0,43.0,28.0,6.0,1.0,9.0
2020-09-17,77.0,44.0,28.0,4.0,1.0,10.0
2020-09-18,74.0,32.0,28.0,9.0,1.0,8.0
2020-09-19,62.0,36.0,28.0,9.0,1.0,7.0
2020-09-20,67.0,47.0,28.0,9.0,1.0,7.0
2020-09-21,87.0,34.0,28.0,8.0,1.0,7.0
2020-09-22,67.0,26.0,28.0,7.0,1.0,6.0
2020-09-23,46.0,32.0,28.0,8.0,4.0,10.0
2020-09-24,49.0,52.0,28.0,12.0,1.0,12.0
2020-09-25,86.0,51.0,28.0,11.0,1.0,10.0
2020-09-26,86.0,38.0,28.0,8.0,1.0,8.0
2020-09-27,70.0,47.0,28.0,14.0,2.0,8.0
2020-09-28,83.0,42.0,28.0,10.0,1.0,8.0
2020-09-29,84.0,55.0,28.0,12.0,2.0,6.0
2020-09-30,89.0,64.0,28.0,15.0,1.0,8.0
2020-10-01,99.0,58.0,28.0,11.0,3.0,6.0
2020-10-02,86.0,64.0,28.0,12.0,1.0,5.0
2020-10-03,98.0,61.0,29.0,9.0,3.0,3.0
2020-10-04,93.0,60.0,28.0,13.0,1.0,4.0
2020-10-05,90.0,64.0,28.0,16.0,1.0,6.0
2020-10-06,103.0,56.0,28.0,10.0,3.0,6.0
2020-10-07,106.0,51.0,28.0,10.0,3.0,10.0
2020-10-08,100.0,47.0,28.0,12.0,3.0,12.0
2020-10-09,97.0,49.0,29.0,9.0,3.0,9.0
2020-10-10,89.0,42.0,28.0,8.0,3.0,10.0
2020-10-11,74.0,51.0,28.0,14.0,3.0,10.0
2020-10-12,91.0,38.0,28.0,7.0,3.0,9.0
2020-10-13,67.0,37.0,28.0,6.0,3.0,8.0
2020-10-14,62.0,38.0,29.0,11.0,3.0,11.0
2020-10-15,69.0,41.0,28.0,11.0,3.0,13.0
2020-10-16,76.0,49.0,28.0,13.0,3.0,11.0
2020-10-17,89.0,48.0,28.0,31.0,4.0,13.0
2020-10-18,85.0,55.0,27.0,30.0,3.0,4.0
2020-10-19,96.0,70.0,28.0,34.0,3.0,8.0
2020-10-20,123.0,83.0,28.0,24.0,5.0,9.0
2020-10-21,154.0,78.0,28.0,16.0,3.0,7.0
2020-10-22,137.0,85.0,28.0,22.0,3.0,8.0
2020-10-23,134.0,87.0,28.0,20.0,1.0,12.0
2020-10-24,144.0,86.0,28.0,13.0,3.0,8.0
2020-10-25,150.0,88.0,28.0,15.0,1.0,7.0
2020-10-26,156.0,71.0,28.0,19.0,3.0,7.0
2020-10-27,137.0,66.0,28.0,17.0,3.0,5.0
2020-10-28,108.0,79.0,28.0,33.0,3.0,7.0
2020-10-29,132.0,78.0,28.0,36.0,5.0,5.0
2020-10-30,146.0,92.0,28.0,23.0,3.0,5.0
2020-10-31,158.0,92.0,28.0,22.0,2.0,4.0
2020-11-01,158.0,103.0,6.0,27.0,4.0,5.0
2020-11-02,166.0,91.0,6.0,13.0,1.0,1.0
2020-11-03,162.0,83.0,6.0,45.0,1.0,10.0
2020-11-04,133.0,85.0,6.0,29.0,4.0,5.0
2020-11-05,130.0,84.0,6.0,23.0,2.0,5.0
2020-11-06,136.0,86.0,6.0,23.0,2.0,5.0
2020-11-07,148.0,93.0,6.0,21.0,1.0,4.0
2020-11-08,153.0,96.0,6.0,25.0,2.0,6.0
2020-11-09,161.0,93.0,6.0,25.0,4.0,5.0
2020-11-10,157.0,77.0,6.0,21.0,3.0,4.0
2020-11-11,141.0,67.0,6.0,20.0,3.0,6.0
2020-11-12,117.0,56.0,5.0,18.0,6.0,11.0
2020-11-13,110.0,60.0,6.0,20.0,3.0,9.0
2020-11-14,112.0,71.0,6.0,19.0,2.0,8.0
2020-11-15,140.0,79.0,5.0,22.0,2.0,11.0
2020-11-16,142.0,73.0,7.0,25.0,2.0,11.0
2020-11-17,136.0,66.0,6.0,26.0,2.0,10.0
2020-11-18,123.0,59.0,8.0,26.0,1.0,12.0
2020-11-19,100.0,50.0,6.0,16.0,1.0,11.0
2020-11-20,103.0,73.0,7.0,20.0,8.0,6.0
2020-11-21,154.0,68.0,6.0,22.0,2.0,5.0
2020-11-22,141.0,85.0,6.0,31.0,2.0,10.0
2020-11-23,151.0,83.0,6.0,17.0,2.0,3.0
2020-11-24,148.0,91.0,5.0,39.0,1.0,12.0
2020-11-25,164.0,74.0,5.0,18.0,2.0,3.0
2020-11-26,147.0,43.0,5.0,14.0,2.0,3.0
2020-11-27,87.0,56.0,6.0,20.0,2.0,7.0
2020-11-28,114.0,81.0,5.0,26.0,1.0,8.0
2020-11-29,137.0,77.0,7.0,30.0,1.0,9.0
2020-11-30,142.0,69.0,6.0,24.0,2.0,8.0
2020-12-01,129.0,66.0,6.0,27.0,1.0,10.0
2020-12-02,123.0,68.0,6.0,29.0,1.0,10.0
2020-12-03,118.0,65.0,5.0,27.0,1.0,9.0
2020-12-04,117.0,73.0,6.0,30.0,1.0,8.0
2020-12-05,128.0,85.0,6.0,30.0,1.0,8.0
2020-12-06,153.0,90.0,5.0,35.0,1.0,12.0
2020-12-07,162.0,84.0,5.0,32.0,1.0,10.0
2020-12-08,154.0,72.0,5.0,28.0,1.0,8.0
2020-12-09,134.0,79.0,6.0,33.0,1.0,9.0
2020-12-10,143.0,86.0,7.0,40.0,1.0,13.0
2020-12-11,153.0,79.0,6.0,19.0,1.0,4.0
2020-12-12,153.0,60.0,6.0,12.0,1.0,3.0
2020-12-13,127.0,67.0,6.0,20.0,1.0,8.0
2020-12-14,137.0,85.0,8.0,27.0,1.0,12.0
2020-12-15,165.0,104.0,6.0,29.0,1.0,13.0
2020-12-16,182.0,96.0,6.0,21.0,1.0,11.0
2020-12-17,176.0,87.0,7.0,23.0,1.0,8.0
2020-12-18,160.0,76.0,6.0,25.0,1.0,5.0
2020-12-19,141.0,61.0,6.0,23.0,1.0,6.0
2020-12-20,109.0,62.0,5.0,27.0,1.0,8.0
2020-12-21,110.0,67.0,5.0,27.0,1.0,5.0
2020-12-22,120.0,67.0,5.0,28.0,1.0,4.0
2020-12-23,124.0,83.0,6.0,35.0,1.0,4.0
2020-12-24,148.0,88.0,6.0,32.0,1.0,5.0
2020-12-25,157.0,96.0,6.0,35.0,1.0,7.0
2020-12-26,163.0,91.0,6.0,31.0,1.0,5.0
2020-12-27,160.0,99.0,6.0,35.0,1.0,5.0
2020-12-28,168.0,97.0,6.0,28.0,1.0,7.0
2020-12-29,166.0,101.0,6.0,28.0,1.0,6.0
2020-12-30,172.0,102.0,7.0,17.0,1.0,1.0
2020-12-31,174.0,83.5,6.0,28.0,1.0,8.0
2021-01-01,141.0,72.0,6.0,15.0,1.0,5.0
2021-01-02,141.0,83.0,6.0,20.0,1.0,4.0
2021-01-03,187.0,124.0,7.0,25.0,1.0,15.0
2021-01-04,184.0,103.0,6.0,25.0,1.0,4.0
2021-01-05,171.0,99.0,7.0,24.0,1.0,6.0
2021-01-06,166.0,97.0,5.0,16.0,1.0,5.0
2021-01-07,165.0,106.0,7.0,14.0,1.0,3.0
2021-01-08,173.0,106.0,6.0,12.0,1.0,4.0
2021-01-09,174.0,104.0,6.0,14.0,1.0,4.0
2021-01-10,171.0,94.0,6.0,15.0,1.0,5.0
2021-01-11,166.0,72.0,6.0,12.0,1.0,5.0
2021-01-12,146.0,57.0,7.0,13.0,1.0,4.0
2021-01-13,105.0,53.0,5.0,12.0,1.0,5.0
2021-01-14,94.0,61.0,7.0,15.0,1.0,6.0
2021-01-15,106.0,61.0,5.0,16.0,1.0,6.0
2021-01-16,111.0,73.0,5.0,16.0,1.0,5.0
2021-01-17,135.0,73.0,6.0,18.0,1.0,5.0
2021-01-18,139.0,69.0,6.0,19.0,1.0,4.0
2021-01-19,135.0,71.0,5.0,11.0,1.0,3.0
2021-01-20,139.0,66.0,6.0,13.0,1.0,6.0
2021-01-21,111.0,62.0,6.0,16.0,1.0,6.0
2021-01-22,105.0,66.0,6.0,18.0,1.0,4.0
2021-01-23,126.0,76.0,7.0,15.0,1.0,4.0
2021-01-24,149.0,73.0,8.0,13.0,1.0,5.0
2021-01-25,131.0,69.0,8.0,9.0,1.0,3.0
2021-01-26,139.0,68.0,5.0,7.0,1.0,3.0
2021-01-27,146.0,63.0,6.0,8.0,1.0,3.0
2021-01-28,143.0,72.0,6.0,15.0,1.0,5.0
2021-01-29,141.0,72.0,6.0,15.0,1.0,5.0
2021-01-30,141.0,72.0,6.0,15.0,1.0,5.0
2021-01-31,141.0,57.0,6.0,17.0,1.0,5.0
2021-02-01,120.0,60.0,6.0,12.0,1.0,2.0
2021-02-02,117.0,56.0,8.0,15.0,1.0,6.0
2021-02-03,109.0,56.0,6.0,16.0,1.0,5.0
2021-02-04,100.0,63.0,6.0,19.0,1.0,5.0
2021-02-05,122.0,56.0,8.0,9.0,1.0,3.0
2021-02-06,121.0,45.0,6.0,12.0,1.0,6.0
2021-02-07,94.0,56.0,6.0,19.0,2.0,6.0
2021-02-08,98.0,55.0,5.0,13.0,1.0,3.0
2021-02-09,115.0,59.0,5.0,25.0,1.0,7.0
2021-02-10,118.0,64.0,7.0,17.0,1.0,5.0
2021-02-11,130.0,64.0,5.0,18.0,1.0,5.0
2021-02-12,133.0,70.0,6.0,17.0,1.0,4.0
2021-02-13,151.0,59.0,7.0,16.0,1.0,4.0
2021-02-14,126.0,68.0,6.0,20.0,1.0,5.0
2021-02-15,144.0,62.0,6.0,13.0,1.0,4.0
2021-02-16,140.0,33.0,6.0,8.0,1.0,4.0
2021-02-17,80.0,51.0,8.0,12.0,1.0,5.0
2021-02-18,104.0,71.0,8.0,13.0,1.0,5.0
2021-02-19,134.0,82.0,6.0,14.0,1.0,4.0
2021-02-20,148.0,80.0,7.0,12.0,1.0,4.0
2021-02-21,156.0,85.0,8.0,15.0,1.0,7.0
2021-02-22,150.0,78.0,7.0,14.0,1.0,4.0
2021-02-23,141.0,85.0,5.0,16.0,1.0,5.0
2021-02-24,148.0,99.0,8.0,20.0,1.0,4.0
2021-02-25,170.0,66.0,6.0,22.0,1.0,10.0
2021-02-26,121.0,66.0,5.0,11.0,1.0,5.0
2021-02-27,115.0,66.0,8.0,10.0,1.0,4.0
2021-02-28,125.0,66.0,6.0,10.0,1.0,5.0
2021-03-01,116.0,71.0,6.0,12.0,1.0,4.0
2021-03-02,125.0,78.0,5.0,14.0,1.0,6.0
2021-03-03,129.0,77.0,5.0,15.0,1.0,4.0
2021-03-04,144.0,73.0,6.0,13.0,1.0,4.0
2021-03-05,128.0,74.0,6.0,12.0,1.0,4.0
2021-03-06,136.0,83.0,5.0,13.0,1.0,3.0
2021-03-07,154.0,93.0,5.0,23.0,1.0,7.0
2021-03-08,157.0,111.0,6.0,20.0,1.0,6.0
2021-03-09,172.0,106.0,6.0,20.0,1.0,7.0
2021-03-10,169.0,90.0,6.0,10.0,1.0,2.0
2021-03-11,154.0,73.0,5.0,9.0,1.0,4.0
2021-03-12,138.0,55.0,7.0,11.0,1.0,5.0
2021-03-13,106.0,85.0,7.0,13.0,1.0,5.0
2021-03-14,159.0,84.0,7.0,12.0,1.0,4.0
2021-03-15,157.0,96.0,7.0,11.0,1.0,4.0
2021-03-16,167.0,77.0,6.0,6.0,1.0,4.0
2021-03-17,157.0,76.0,6.0,10.0,1.0,4.0
2021-03-18,154.0,81.0,6.0,12.5,1.0,4.0
2021-03-19,151.0,81.0,6.0,12.5,1.0,4.0
2021-03-20,151.0,40.0,7.0,12.5,1.0,4.0
2021-03-21,87.0,57.0,6.0,12.5,1.0,4.0
2021-03-22,109.0,85.0,6.0,18.0,1.0,5.0
2021-03-23,159.0,75.0,7.0,14.0,1.0,6.0
2021-03-24,141.0,81.0,6.0,13.0,1.0,5.0
2021-03-25,154.0,88.0,6.0,12.0,1.0,5.0
2021-03-26,149.0,83.0,7.0,7.0,1.0,3.0
2021-03-27,154.0,81.0,6.0,12.5,1.0,4.0
2021-03-28,151.0,81.0,6.0,12.5,1.0,4.0
2021-03-29,151.0,66.0,6.0,12.5,1.0,4.0
2021-03-30,135.0,92.0,6.0,13.0,1.0,5.0
2021-03-31,151.0,104.0,6.0,10.0,1.0,6.0
2021-04-01,167.0,107.0,9.0,14.0,1.0,5.0
2021-04-02,172.0,99.0,7.0,8.0,1.0,2.0
2021-04-03,173.0,81.0,6.0,8.0,1.0,4.0
2021-04-04,161.0,69.0,6.0,13.0,1.0,6.0
2021-04-05,147.0,87.0,5.0,25.0,1.0,7.0
2021-04-06,152.0,83.0,8.0,13.0,1.0,5.0
2021-04-07,143.0,86.0,6.0,11.0,1.0,3.0
2021-04-08,149.0,74.0,6.0,9.0,1.0,5.0
2021-04-09,141.0,78.0,6.0,5.0,1.0,5.0
2021-04-10,120.0,59.0,6.0,5.0,1.0,5.0
2021-04-11,108.0,67.0,6.0,13.0,1.0,6.0
2021-04-12,110.0,84.0,12.0,10.0,1.0,3.0
2021-04-13,156.0,59.0,6.0,4.0,1.0,4.0
2021-04-14,121.0,63.0,6.0,8.0,1.0,4.0
2021-04-15,92.0,66.0,6.0,11.0,1.0,5.0
2021-04-16,125.0,81.0,7.0,8.0,1.0,3.0
2021-04-17,148.0,70.0,6.0,7.0,1.0,4.0
2021-04-18,130.0,83.0,6.0,8.0,1.0,5.0
2021-04-19,162.0,84.0,6.0,9.0,1.0,5.0
2021-04-20,153.0,61.0,8.0,6.0,1.0,6.0
2021-04-21,113.0,66.0,6.0,7.0,1.0,4.0
2021-04-22,132.0,78.0,8.0,10.0,1.0,4.0
2021-04-23,140.0,70.0,6.0,9.0,1.0,5.0
2021-04-24,143.0,77.0,7.0,7.0,1.0,4.0
2021-04-25,148.0,66.0,6.0,9.0,1.0,4.0
2021-04-26,136.0,62.0,7.0,10.0,1.0,12.0
2021-04-27,113.0,73.0,5.0,10.0,1.0,5.0
2021-04-28,144.0,75.0,7.0,8.0,1.0,4.0
2021-04-29,156.0,69.0,7.0,8.0,1.0,4.0
2021-04-30,142.0,72.0,6.0,5.0,1.0,4.0
2021-05-01,138.0,49.0,6.0,5.0,,4.0
2021-05-02,100.0,41.0,6.0,4.0,,5.0
2021-05-03,85.0,112.0,7.0,9.0,,6.0
2021-05-04,105.0,93.0,6.0,6.0,,3.0
2021-05-05,110.0,47.0,6.0,4.0,,5.0
2021-05-06,102.0,50.0,7.0,6.0,,5.0
2021-05-07,94.0,49.0,6.0,4.0,,4.0
2021-05-08,89.0,19.0,8.0,4.0,,4.0
2021-05-09,76.0,2.0,7.0,5.0,,5.0
2021-05-10,73.0,3.0,6.0,7.0,,6.0
2021-05-11,113.0,3.0,6.0,6.0,,4.0
2021-05-12,86.0,3.0,7.0,7.0,,5.0
2021-05-13,85.0,3.0,6.0,4.0,,5.0
2021-05-14,92.0,3.0,5.0,4.0,,5.0
2021-05-15,65.0,2.0,6.0,3.0,,5.0
2021-05-16,51.0,3.0,6.0,3.0,,4.0
2021-05-17,42.0,49.0,6.0,5.0,,5.0
2021-05-18,88.5,49.0,6.0,5.0,,5.0
2021-05-19,88.5,2.0,6.0,7.0,,5.0
2021-05-20,83.0,54.0,5.0,6.0,,4.0
2021-05-21,88.0,65.0,6.0,6.0,,5.0
2021-05-22,111.0,49.0,12.0,12.0,,5.0
2021-05-23,150.0,85.0,6.0,5.0,,6.0
2021-05-24,126.0,66.0,6.0,6.0,,5.0
2021-05-25,86.0,71.0,6.0,5.0,,4.0
2021-05-26,102.0,56.0,6.0,3.0,,3.0
2021-05-27,80.0,51.0,6.0,4.0,,4.0
2021-05-28,78.0,49.0,6.0,5.0,,5.0
2021-05-29,88.5,49.0,6.0,5.0,,5.0
2021-05-30,88.5,49.0,6.0,5.0,,5.0
2021-05-31,88.5,58.0,5.0,8.0,,3.0
2021-06-01,97.0,49.0,8.0,6.0,4.0,4.0
2021-06-02,85.0,47.0,7.0,7.0,4.0,2.0
2021-06-03,76.0,47.0,7.0,11.0,4.0,8.0
2021-06-04,71.0,49.0,6.0,11.0,4.0,1.0
2021-06-05,71.0,46.0,6.0,11.0,4.0,8.0
2021-06-06,72.0,38.0,8.0,10.0,4.0,8.0
2021-06-07,64.0,42.0,5.0,11.0,4.0,1.0
2021-06-08,71.0,38.0,5.0,12.0,4.0,2.0
2021-06-09,56.0,32.0,7.0,9.0,4.0,2.0
2021-06-10,46.0,33.0,6.0,12.0,3.0,7.0
2021-06-11,45.0,26.0,7.0,8.0,9.0,2.0
2021-06-12,36.0,53.0,6.0,9.0,9.0,3.0
2021-06-13,66.0,65.0,7.0,33.0,5.0,47.0
2021-06-14,69.0,46.0,6.0,34.0,6.0,3.0
2021-06-15,62.0,44.0,6.0,31.0,4.0,2.0
2021-06-16,60.0,30.0,6.0,28.0,5.0,3.0
2021-06-17,38.0,48.0,5.0,5.0,3.0,14.0
2021-06-18,75.0,52.0,6.0,5.0,5.0,15.0
2021-06-19,73.0,58.0,6.0,5.0,4.0,10.0
2021-06-20,71.0,108.0,7.0,4.0,3.0,15.0
2021-06-21,121.0,90.0,6.0,1.0,5.0,9.0
2021-06-22,122.0,56.0,6.0,1.0,3.0,10.0
2021-06-23,76.0,53.0,7.0,3.0,5.0,12.0
2021-06-24,75.0,40.0,6.0,11.0,3.0,16.0
2021-06-25,57.0,67.0,7.0,12.0,1.0,23.0
2021-06-26,81.0,51.0,6.0,12.0,4.0,12.0
2021-06-27,68.0,46.0,6.0,12.0,9.0,10.0
2021-06-28,71.0,43.0,5.0,12.0,2.0,8.0
2021-06-29,71.0,59.0,5.0,12.0,3.0,13.0
2021-06-30,96.0,34.0,33.0,11.0,3.0,8.0
2021-07-01,67.0,76.0,33.0,11.0,6.0,8.0
2021-07-02,31.0,85.0,34.0,11.0,4.0,9.0
2021-07-03,9.0,103.0,33.0,11.0,3.0,11.0
2021-07-04,10.0,60.0,33.0,11.0,3.0,9.0
2021-07-05,52.0,59.0,33.0,12.0,7.0,9.0
2021-07-06,78.0,56.0,33.0,11.0,7.0,7.0
2021-07-07,80.0,32.0,34.0,12.0,3.0,15.0
2021-07-08,58.0,41.0,33.0,10.0,6.0,11.0
2021-07-09,69.0,46.0,33.0,11.0,3.0,14.0
2021-07-10,70.0,42.0,33.0,11.0,12.0,12.0
2021-07-11,74.0,22.0,31.0,11.0,1.0,12.0
2021-07-12,45.0,26.0,33.0,10.0,7.0,12.0
2021-07-13,48.0,30.0,33.0,11.0,6.0,13.0
2021-07-14,48.0,22.0,33.0,12.0,3.0,9.0
2021-07-15,49.0,29.0,33.0,12.0,7.0,11.0
2021-07-16,52.0,31.0,33.0,10.0,6.0,14.0
2021-07-17,56.0,30.0,33.0,11.0,7.0,21.0
2021-07-18,44.0,38.0,33.0,12.0,8.0,9.0
2021-07-19,65.0,41.0,33.0,12.0,4.0,8.0
2021-07-20,44.0,37.0,32.0,10.0,8.0,2.0
2021-07-21,48.0,34.0,32.0,10.0,7.0,2.0
2021-07-22,45.0,44.0,33.0,11.0,3.0,12.0
2021-07-23,50.0,81.0,33.0,12.0,2.0,12.0
2021-07-24,73.0,58.0,33.0,12.0,2.0,11.0
2021-07-25,64.0,42.0,33.0,11.0,3.0,10.0
2021-07-26,45.0,41.0,33.0,11.0,3.0,13.0
2021-07-27,50.0,37.0,20.0,12.0,1.0,11.0
2021-07-28,46.0,39.0,21.0,11.0,3.0,10.0
2021-07-29,43.0,39.0,20.0,12.0,4.0,15.0
2021-07-30,62.0,41.0,20.0,11.0,2.0,12.0
2021-07-31,45.0,54.0,20.0,11.0,6.0,12.0
2021-08-01,60.0,37.0,20.0,11.0,3.0,16.0
2021-08-02,85.0,73.0,23.0,11.0,2.0,12.0
2021-08-03,70.0,60.0,20.0,12.0,3.0,12.0
2021-08-04,74.0,38.0,19.0,10.0,2.0,14.0
2021-08-05,60.0,43.0,18.0,10.0,1.0,11.0
2021-08-06,63.0,53.0,20.0,11.0,5.0,11.0
2021-08-07,85.0,41.0,20.0,11.0,2.0,13.0
2021-08-08,81.0,47.0,20.0,11.0,1.0,16.0
2021-08-09,78.0,42.0,20.0,11.0,2.0,12.0
2021-08-10,78.0,35.0,20.0,11.0,1.0,12.0
2021-08-11,67.0,56.0,20.0,11.0,2.0,11.0
2021-08-12,59.0,54.0,20.0,11.0,2.0,11.0
2021-08-13,58.0,55.0,20.0,11.0,3.0,13.0
2021-08-14,58.0,50.0,19.0,10.0,4.0,10.0
2021-08-15,56.0,42.0,19.0,9.0,2.0,6.0
2021-08-16,52.0,46.0,21.0,10.0,2.0,7.0
2021-08-17,59.0,46.5,20.0,11.0,2.0,11.5
2021-08-18,61.5,46.5,20.0,11.0,2.0,11.5
2021-08-19,61.5,46.5,20.0,11.0,2.0,11.5
2021-08-20,61.5,46.5,20.0,11.0,2.0,11.5
2021-08-21,61.5,46.5,20.0,11.0,2.0,11.5
2021-08-22,61.5,46.5,20.0,11.0,2.0,11.5
2021-08-23,61.5,46.5,20.0,11.0,2.0,11.5
2021-08-24,61.5,46.5,20.0,11.0,2.0,11.5
2021-08-25,61.5,46.5,20.0,11.0,2.0,11.5
2021-08-26,61.5,46.5,20.0,11.0,2.0,11.5
2021-08-27,61.5,46.5,20.0,11.0,2.0,11.5
2021-08-28,61.5,46.5,20.0,11.0,2.0,11.5
2021-08-29,61.5,46.5,20.0,11.0,2.0,11.5
2021-08-30,61.5,31.0,20.0,12.0,10.0,4.0
2021-08-31,42.0,73.0,20.0,11.0,6.0,2.0
2021-09-01,43.0,37.0,20.0,12.0,2.0,16.0
2021-09-02,43.0,30.0,20.0,12.0,2.0,19.0
2021-09-03,43.0,45.0,20.0,12.0,8.0,7.0
2021-09-04,55.0,37.0,20.0,12.0,11.0,12.0
2021-09-05,39.0,29.0,19.0,12.0,3.0,9.0
2021-09-06,41.0,26.0,20.0,11.0,4.0,9.0
2021-09-07,43.0,37.0,20.0,12.0,5.0,17.0
2021-09-08,43.0,35.0,20.0,12.0,2.0,18.0
2021-09-09,38.0,33.0,20.0,12.0,1.0,15.0
2021-09-10,41.0,32.0,20.0,12.0,2.0,16.0
2021-09-11,35.0,33.0,20.0,11.0,1.0,19.0
2021-09-12,38.0,47.0,20.0,12.0,1.0,18.0
2021-09-13,58.0,37.0,20.0,12.0,2.0,15.0
2021-09-14,55.0,46.0,20.0,11.0,1.0,12.0
2021-09-15,47.0,56.0,20.0,12.0,1.0,16.0
2021-09-16,57.0,42.0,20.0,12.0,2.0,16.0
2021-09-17,48.0,37.0,20.0,12.0,2.0,16.0
2021-09-18,43.0,37.0,20.0,12.0,2.0,16.0
2021-09-19,43.0,37.0,20.0,12.0,2.0,16.0
2021-09-20,43.0,37.0,20.0,12.0,2.0,16.0
2021-09-21,43.0,37.0,20.0,12.0,2.0,16.0
2021-09-22,43.0,37.0,20.0,12.0,2.0,16.0
2021-09-23,43.0,37.0,20.0,12.0,2.0,16.0
2021-09-24,43.0,37.0,20.0,12.0,2.0,16.0
2021-09-25,43.0,37.0,20.0,12.0,2.0,16.0
2021-09-26,43.0,37.0,20.0,12.0,2.0,16.0
2021-09-27,43.0,37.0,20.0,12.0,2.0,16.0
2021-09-28,43.0,37.0,20.0,12.0,2.0,16.0
2021-09-29,43.0,37.0,20.0,12.0,2.0,16.0
2021-09-30,43.0,37.0,20.0,12.0,2.0,16.0
2021-10-01,103.0,44.0,21.0,12.0,2.0,17.0
2021-10-02,93.0,69.0,20.0,12.0,8.0,17.0
2021-10-03,103.0,69.0,20.0,12.0,8.0,17.0
2021-10-04,103.0,48.0,20.0,12.0,3.0,11.0
2021-10-05,65.0,69.0,20.0,12.0,8.0,17.0
2021-10-06,103.0,69.0,20.0,12.0,8.0,17.0
2021-10-07,103.0,69.0,20.0,12.0,8.0,17.0
2021-10-08,103.0,65.0,20.0,12.0,8.0,15.0
2021-10-09,98.0,68.0,20.0,12.0,10.0,13.0
2021-10-10,96.0,84.0,20.0,11.0,13.0,20.0
2021-10-11,97.0,75.0,20.0,12.0,10.0,18.0
2021-10-12,102.0,127.0,20.0,12.0,11.0,20.0
2021-10-13,117.0,101.0,20.0,9.0,13.0,12.0
2021-10-14,104.0,69.0,20.0,12.0,8.0,17.0
2021-10-15,103.0,69.0,20.0,12.0,8.0,17.0
2021-10-16,103.0,69.0,20.0,12.0,8.0,17.0
2021-10-17,103.0,53.0,20.0,12.0,4.0,16.0
2021-10-18,84.0,57.0,20.0,12.0,3.0,17.0
2021-10-19,83.0,67.0,20.0,12.0,8.0,16.0
2021-10-20,60.0,69.0,20.0,12.0,8.0,17.0
2021-10-21,103.0,69.0,20.0,12.0,8.0,17.0
2021-10-22,103.0,69.0,20.0,12.0,8.0,17.0
2021-10-23,103.0,69.0,20.0,12.0,8.0,17.0
2021-10-24,103.0,64.0,20.0,12.0,14.0,16.0
2021-10-25,112.0,69.0,20.0,12.0,9.0,17.0
2021-10-26,134.0,69.0,20.0,12.0,7.0,16.0
2021-10-27,122.0,86.0,21.0,12.0,10.0,18.0
2021-10-28,121.0,96.0,20.0,12.0,1.0,14.0
2021-10-29,126.0,70.0,20.0,12.0,2.0,18.0
2021-10-30,115.0,69.0,20.0,12.0,8.0,22.0
2021-10-31,143.0,90.0,20.0,12.0,4.0,18.0
2021-11-01,124.0,95.0,20.0,12.0,1.0,18.0
2021-11-02,117.0,135.0,20.0,11.0,3.0,26.0
2021-11-03,125.0,72.0,21.0,12.0,2.0,21.0
2021-11-04,110.0,72.0,20.0,12.0,2.0,17.0
2021-11-05,116.0,105.0,20.0,11.0,3.0,21.0
2021-11-06,118.0,69.0,20.0,12.0,1.0,14.0
2021-11-07,90.0,81.0,20.0,12.0,3.0,20.0
2021-11-08,94.0,94.0,20.0,12.0,3.0,18.0
2021-11-09,107.0,84.0,20.0,12.0,2.0,20.0
2021-11-10,123.0,103.0,20.0,12.0,4.0,19.0
2021-11-11,137.0,66.0,20.0,12.0,9.0,19.0
2021-11-12,113.0,88.0,20.0,12.0,9.0,17.0
2021-11-13,122.0,85.0,20.0,12.0,7.0,16.0
2021-11-14,128.0,72.0,20.0,12.0,9.0,18.0
2021-11-15,115.0,118.0,20.0,12.0,10.0,36.0
2021-11-16,122.0,72.0,20.0,12.0,3.0,18.0
2021-11-17,115.0,58.0,20.0,12.0,23.0,11.0
2021-11-18,75.0,64.0,20.0,12.0,26.0,12.0
2021-11-19,103.0,58.0,20.0,12.0,10.0,18.0
2021-11-20,94.0,72.0,20.0,12.0,2.0,43.0
2021-11-21,109.0,72.0,20.0,11.0,8.0,24.0
2021-11-22,133.0,91.0,20.0,12.0,14.0,20.0
2021-11-23,151.0,65.0,21.0,11.0,5.0,11.0
2021-11-24,120.0,70.0,20.0,12.0,1.0,13.0
2021-11-25,121.0,63.0,20.0,12.0,3.0,11.0
2021-11-26,98.0,62.0,20.0,12.0,1.0,10.0
2021-11-27,93.0,60.0,20.0,11.0,2.0,9.0
2021-11-28,96.0,60.0,20.0,11.0,3.0,10.0
2021-11-29,88.0,67.0,20.0,10.0,1.0,11.0
2021-11-30,91.0,76.0,20.0,11.0,2.0,15.0
2021-12-01,238.0,80.0,20.0,11.0,4.0,14.0
2021-12-02,693.0,79.0,20.0,11.0,3.0,11.0
2021-12-03,268.0,84.0,20.0,10.0,4.0,12.0
2021-12-04,149.0,60.0,20.0,8.0,3.0,9.0
2021-12-05,105.0,63.0,20.0,10.0,4.0,10.0
2021-12-06,129.0,82.0,20.0,12.0,3.0,12.0
2021-12-07,152.0,79.0,20.0,12.0,2.0,15.0
2021-12-08,145.0,74.0,20.0,12.0,4.0,15.0
2021-12-09,129.0,75.0,21.0,11.0,4.0,20.0
2021-12-10,140.0,71.0,20.0,11.0,16.0,22.0
2021-12-11,155.0,73.5,20.0,11.0,19.0,24.0
2021-12-12,162.0,73.5,20.0,11.0,8.0,30.0
2021-12-13,165.0,73.5,20.0,12.0,12.0,31.0
2021-12-14,169.0,110.0,21.0,11.0,11.0,33.0
2021-12-15,165.0,74.0,20.0,11.0,10.0,31.0
2021-12-16,151.0,74.0,20.0,12.0,14.0,33.0
2021-12-17,146.0,72.0,20.0,11.0,25.0,19.0
2021-12-18,116.0,58.0,20.0,12.0,14.0,16.0
2021-12-19,85.0,51.0,20.0,12.0,1.0,21.0
2021-12-20,74.0,64.0,20.0,11.0,6.0,27.0
2021-12-21,94.0,80.0,20.0,12.0,9.0,32.0
2021-12-22,119.0,77.0,20.0,12.0,7.0,29.0
2021-12-23,114.0,76.0,20.0,12.0,9.0,36.0
2021-12-24,121.0,72.0,20.0,12.0,6.0,31.0
2021-12-25,114.0,73.0,20.0,12.0,4.0,28.0
2021-12-26,112.0,83.0,20.0,12.0,8.0,35.0
2021-12-27,134.0,71.0,20.0,12.0,4.0,23.0
2021-12-28,125.0,47.0,20.0,11.0,6.0,13.0
2021-12-29,85.0,56.0,20.0,11.0,6.0,14.0
2021-12-30,101.0,56.0,20.0,11.0,4.0,20.0
2021-12-31,94.0,57.0,20.0,12.0,9.0,22.0
2022-01-01,93.0,60.0,20.0,11.0,13.0,21.0
2022-01-02,100.0,58.0,20.0,11.0,5.0,25.0
2022-01-03,90.0,60.0,19.0,10.0,15.0,25.0
2022-01-04,103.0,62.0,21.0,11.0,7.0,28.0
2022-01-05,93.0,68.0,20.0,11.0,6.0,33.0
2022-01-06,103.0,64.0,20.0,12.0,5.0,24.0
2022-01-07,111.0,50.0,20.0,11.0,10.0,15.0
2022-01-08,82.0,26.0,20.0,10.0,2.0,15.0
2022-01-09,68.0,46.0,20.0,10.0,8.0,12.0
2022-01-10,84.0,30.0,17.0,9.0,2.0,13.0
2022-01-11,552.0,25.0,15.0,5.0,2.0,9.0
2022-01-12,90.0,40.0,20.0,10.0,2.0,12.0
2022-01-13,84.0,44.0,20.0,12.0,5.0,16.0
2022-01-14,80.0,51.0,20.0,12.0,5.0,18.0
2022-01-15,90.0,60.0,20.0,12.0,2.0,16.0
2022-01-16,112.0,59.0,20.0,12.0,5.0,21.0
2022-01-17,98.0,59.0,20.0,11.0,5.0,23.0
2022-01-18,101.0,54.0,20.0,11.0,5.0,18.0
2022-01-19,84.0,57.0,20.0,11.0,1.0,29.0
2022-01-20,87.0,45.0,20.0,11.0,5.0,19.0
2022-01-21,72.0,46.0,19.0,10.0,5.0,18.0
2022-01-22,73.0,46.0,20.0,11.0,5.0,14.0
2022-01-23,63.0,119.0,19.0,8.0,5.0,9.0
2022-01-24,147.0,55.0,16.0,7.0,5.0,7.0
2022-01-25,65.0,54.5,20.0,11.0,5.0,18.0
2022-01-26,90.0,54.5,20.0,11.0,5.0,18.0
2022-01-27,90.0,54.5,20.0,11.0,5.0,18.0
2022-01-28,90.0,54.5,20.0,11.0,5.0,18.0
2022-01-29,90.0,54.5,20.0,11.0,5.0,18.0
2022-01-30,90.0,49.0,20.0,11.0,2.0,23.0
2022-01-31,73.0,58.0,20.0,12.0,7.0,20.0
2022-02-01,97.0,61.0,20.0,12.0,2.0,22.0
2022-02-02,91.0,65.0,20.0,12.0,1.0,30.0
2022-02-03,92.0,58.0,20.0,11.0,1.0,15.0
2022-02-04,97.0,56.0,20.0,11.0,13.0,15.0
2022-02-05,337.0,59.0,19.0,11.0,7.0,17.0
2022-02-06,95.0,56.0,20.0,12.0,7.0,19.0
2022-02-07,92.0,67.0,20.0,11.0,11.0,15.0
2022-02-08,101.0,65.0,20.0,12.0,8.0,19.0
2022-02-09,106.0,61.0,20.0,11.0,7.0,11.0
2022-02-10,88.0,49.0,20.0,12.0,8.0,15.0
2022-02-11,72.0,44.0,20.0,12.0,6.0,13.0
2022-02-12,108.0,55.0,20.0,12.0,7.0,17.0
2022-02-13,65.0,62.0,20.0,11.0,7.0,24.0
2022-02-14,98.0,59.0,20.0,11.0,10.0,23.0
2022-02-15,63.0,57.0,20.0,12.0,5.0,19.0
2022-02-16,43.0,49.0,20.0,12.0,3.0,18.0
2022-02-17,40.0,68.0,20.0,11.0,8.0,27.0
2022-02-18,47.0,66.0,20.0,11.0,9.0,20.0
2022-02-19,122.0,48.0,20.0,12.0,2.0,21.0
2022-02-20,73.0,38.0,20.0,12.0,1.0,14.0
2022-02-21,49.0,50.0,20.0,11.0,3.0,16.0
2022-02-22,90.0,55.0,20.0,12.0,9.0,19.0
2022-02-23,84.0,47.0,20.0,11.0,3.0,19.0
2022-02-24,107.0,53.0,20.0,12.0,10.0,19.0
2022-02-25,96.0,58.0,20.0,11.0,11.0,21.0
2022-02-26,167.0,51.0,20.0,12.0,8.0,18.0
2022-02-27,522.0,45.0,20.0,12.0,5.0,19.0
2022-02-28,88.0,44.0,20.0,12.0,11.0,40.0
2022-03-01,89.0,55.0,20.0,11.0,13.0,29.0
2022-03-02,113.0,52.0,20.0,11.0,12.0,26.0
2022-03-03,108.0,54.0,20.0,12.0,9.0,14.0
2022-03-04,95.0,55.0,20.0,12.0,14.0,15.0
2022-03-05,480.0,50.0,20.0,11.0,7.0,18.0
2022-03-06,89.0,55.0,20.0,12.0,9.0,24.0
2022-03-07,89.0,53.0,20.0,12.0,4.0,7.0
2022-03-08,89.0,60.0,20.0,5.0,2.0,29.0
2022-03-09,7.0,53.0,20.0,6.0,2.0,27.0
2022-03-10,28.0,52.0,20.0,5.0,1.0,14.0
2022-03-11,31.0,46.0,20.0,5.0,4.0,14.0
2022-03-12,21.0,43.0,21.0,5.0,2.0,14.0
2022-03-13,26.0,52.0,20.0,5.0,2.0,20.0
2022-03-14,42.0,56.0,20.0,6.0,3.5,22.0
2022-03-15,89.0,49.0,20.0,5.0,3.5,19.0
2022-03-16,91.0,48.0,20.0,5.0,3.5,16.0
2022-03-17,51.0,55.0,20.0,5.0,3.5,20.0
2022-03-18,76.0,59.0,20.0,5.0,3.5,20.0
2022-03-19,68.0,52.0,18.0,4.0,3.5,20.0
2022-03-20,69.0,62.0,20.0,5.0,3.5,16.0
2022-03-21,135.0,60.0,20.0,6.0,3.5,8.0
2022-03-22,102.0,69.0,20.0,6.0,3.5,12.0
2022-03-23,89.0,74.0,20.0,5.0,3.5,9.0
2022-03-24,175.0,67.0,20.0,6.0,3.5,4.0
2022-03-25,113.0,69.0,20.0,6.0,2.0,4.0
2022-03-26,113.0,65.0,20.0,6.0,3.5,6.0
2022-03-27,112.0,62.0,20.0,5.0,3.5,6.0
2022-03-28,84.0,48.0,20.0,5.0,3.5,7.0
2022-03-29,74.0,48.0,20.0,6.0,3.5,11.0
2022-03-30,78.0,63.0,20.0,5.0,3.0,12.0
2022-03-31,100.0,65.0,20.0,6.0,3.0,11.0
2022-04-01,97.0,67.0,20.0,5.0,7.0,12.0
2022-04-02,110.0,69.0,20.0,6.0,7.0,7.0
2022-04-03,121.0,70.0,20.0,5.0,7.0,5.0
2022-04-04,118.0,63.0,20.0,6.0,7.0,14.0
2022-04-05,161.0,56.0,20.0,7.0,7.0,6.0
2022-04-06,192.0,61.0,20.0,5.0,7.0,7.0
2022-04-07,98.0,64.0,20.0,5.0,1.0,6.0
2022-04-08,99.0,52.0,20.0,5.0,1.0,4.0
2022-04-09,77.0,51.0,20.0,5.0,1.0,3.0
2022-04-10,81.0,52.0,20.0,5.0,3.0,3.0
2022-04-11,83.0,67.0,20.0,5.0,2.0,7.0
2022-04-12,106.0,88.0,20.0,5.0,11.0,6.0
2022-04-13,142.0,75.0,20.0,6.0,10.0,6.0
2022-04-14,144.0,92.0,20.0,5.0,11.0,6.0
2022-04-15,140.0,78.0,20.0,14.0,7.0,6.0
2022-04-16,137.0,96.0,20.0,6.0,20.0,6.0
2022-04-17,161.0,99.0,20.0,6.0,19.0,6.0
2022-04-18,161.0,90.0,28.0,6.0,7.0,6.0
2022-04-19,156.0,100.0,32.0,2.0,24.0,6.0
2022-04-20,159.0,112.0,27.0,2.0,20.0,6.0
2022-04-21,169.0,100.0,27.0,17.0,9.0,6.0
2022-04-22,161.0,89.0,31.0,21.0,5.0,7.0
2022-04-23,158.0,66.0,43.0,22.0,1.0,6.0
2022-04-24,126.0,73.0,32.0,28.0,2.0,6.0
2022-04-25,189.0,87.0,44.0,31.0,7.0,6.0
2022-04-26,155.0,88.0,46.0,36.0,7.0,7.0
2022-04-27,158.0,102.0,50.0,44.0,9.0,7.0
2022-04-28,164.0,77.0,43.0,23.0,2.0,6.0
2022-04-29,138.0,66.0,48.0,17.0,2.0,6.0
2022-04-30,129.0,72.0,43.0,14.0,2.0,5.0
2022-05-01,135.0,82.0,34.0,30.0,2.0,6.0
2022-05-02,138.0,96.0,42.0,21.0,10.0,6.0
2022-05-03,157.0,71.0,43.0,13.0,5.0,6.0
2022-05-04,134.0,86.0,47.0,17.0,8.0,6.0
2022-05-05,158.0,95.0,43.0,14.0,2.0,6.0
2022-05-06,160.0,108.0,62.0,16.0,7.0,7.0
2022-05-07,169.0,118.0,76.0,16.0,10.0,7.0
2022-05-08,176.0,124.0,65.0,22.0,6.0,7.0
2022-05-09,177.0,105.0,61.0,14.0,5.0,6.0
2022-05-10,163.0,70.0,55.0,11.0,4.0,6.0
2022-05-11,120.0,80.0,51.0,13.0,5.0,6.0
2022-05-12,98.0,78.0,43.0,20.0,5.0,6.0
2022-05-13,114.0,100.0,46.0,13.0,4.0,6.0
2022-05-14,140.0,93.0,45.0,11.0,3.0,5.0
2022-05-15,131.0,89.0,39.0,9.0,9.0,6.0
2022-05-16,121.0,103.0,62.0,17.0,6.0,6.0
2022-05-17,144.0,87.0,51.0,13.0,5.0,5.0
2022-05-18,134.0,68.0,59.0,13.0,2.0,6.0
2022-05-19,119.0,71.0,43.0,18.0,2.0,6.0
2022-05-20,117.0,101.0,43.0,13.0,2.0,5.0
2022-05-21,120.0,107.0,35.0,9.0,5.0,5.0
2022-05-22,107.0,98.0,31.0,10.0,5.0,5.0
2022-05-23,104.0,96.0,44.0,14.0,5.0,5.0
2022-05-24,113.0,105.0,64.0,19.0,6.0,5.0
2022-05-25,139.0,98.0,45.0,16.0,4.0,5.0
2022-05-26,135.0,76.0,41.0,13.0,2.0,4.0
2022-05-27,98.0,83.0,34.0,10.0,1.0,4.0
2022-05-28,91.0,101.0,1.0,35.0,2.0,3.0
2022-05-29,131.0,104.0,26.0,16.0,5.0,4.0
2022-05-30,113.0,109.0,39.0,16.0,5.0,4.0
2022-05-31,120.0,130.0,47.0,12.0,7.0,4.0
2022-06-01,136.0,107.0,45.0,12.0,5.0,4.0
2022-06-02,125.0,100.0,45.0,10.0,3.0,4.0
2022-06-03,114.0,93.0,41.0,12.0,2.0,3.0
2022-06-04,109.0,90.0,49.0,14.0,2.0,4.0
2022-06-05,108.0,96.0,39.0,15.0,7.0,4.0
2022-06-06,107.0,92.0,45.0,13.0,2.0,4.0
2022-06-07,109.0,90.0,41.0,10.0,2.0,4.0
2022-06-08,107.0,75.0,33.0,12.0,1.0,4.0
2022-06-09,93.0,57.0,40.0,10.0,1.0,4.0
2022-06-10,79.0,57.0,44.0,8.0,2.0,4.0
2022-06-11,88.0,37.0,42.0,10.0,1.0,4.0
2022-06-12,66.0,50.0,38.0,17.0,1.0,5.0
2022-06-13,83.0,47.0,36.0,13.0,2.0,4.0
2022-06-14,81.0,49.0,35.0,12.0,3.0,4.0
2022-06-15,67.0,47.0,18.0,7.0,2.0,5.0
2022-06-16,69.0,49.0,20.0,6.0,2.0,4.0
2022-06-17,78.0,50.0,22.0,4.0,4.0,4.0
2022-06-18,76.0,26.0,33.0,2.0,1.0,4.0
2022-06-19,45.0,40.0,15.0,4.0,5.0,4.0
2022-06-20,55.0,37.0,10.0,4.0,1.0,4.0
2022-06-21,62.0,67.0,26.0,4.0,7.0,4.0
2022-06-22,102.0,70.0,17.0,4.0,4.0,4.0
2022-06-23,90.0,59.0,31.0,3.0,10.0,3.0
2022-06-24,94.0,53.0,34.0,4.0,2.0,4.0
2022-06-25,95.0,43.0,26.0,3.0,2.0,4.0
2022-06-26,71.0,58.0,29.0,4.0,1.0,4.0
2022-06-27,87.0,50.0,20.0,4.0,2.0,4.0
2022-06-28,79.0,48.0,21.0,3.0,2.0,4.0
2022-06-29,82.0,42.0,17.0,3.0,2.0,4.0
2022-06-30,73.0,41.0,15.0,3.0,2.0,4.0
2022-07-01,61.0,35.0,11.0,2.0,1.0,4.0
2022-07-02,59.0,30.0,8.0,2.0,1.0,4.0
2022-07-03,55.0,38.0,5.0,5.0,1.0,4.0
2022-07-04,66.0,20.0,7.0,5.0,1.0,4.0
2022-07-05,34.0,42.0,8.0,8.0,1.0,4.0
2022-07-06,76.0,34.0,7.0,7.0,1.0,4.0
2022-07-07,61.0,31.0,5.0,6.0,1.0,4.0
2022-07-08,62.0,28.0,9.0,3.0,1.0,4.0
2022-07-09,54.0,33.0,12.0,2.0,1.0,4.0
2022-07-10,49.0,24.0,14.0,6.0,1.0,4.0
2022-07-11,51.0,24.0,14.0,2.0,1.0,3.0
2022-07-12,39.0,19.0,13.0,3.0,1.0,3.0
2022-07-13,33.0,22.0,6.0,4.0,1.0,3.0
2022-07-14,33.0,24.0,5.0,5.0,1.0,3.0
2022-07-15,51.0,43.0,8.0,6.0,1.0,3.0
2022-07-16,71.0,30.0,10.0,3.0,1.0,3.0
2022-07-17,67.0,21.0,9.0,3.0,1.0,3.0
2022-07-18,48.0,42.0,7.0,9.0,3.0,3.0
2022-07-19,66.0,39.0,3.0,6.0,2.0,3.0
2022-07-20,54.0,45.0,7.0,5.0,1.0,3.0
2022-07-21,77.0,44.0,9.0,3.0,1.0,3.0
2022-07-22,65.0,24.0,5.0,4.0,1.0,3.0
2022-07-23,53.0,25.0,3.0,4.0,1.0,3.0
2022-07-24,44.0,36.0,4.0,5.0,1.0,3.0
2022-07-25,62.0,34.0,4.0,4.0,1.0,3.0
2022-07-26,58.0,40.0,6.0,7.0,1.0,3.0
2022-07-27,66.0,46.0,11.0,6.0,1.0,3.0
2022-07-28,73.0,55.0,10.0,7.0,1.0,3.0
2022-07-29,79.0,56.0,8.0,7.0,1.0,3.0
2022-07-30,82.0,46.0,18.0,2.0,1.0,3.0
2022-07-31,67.0,76.0,9.0,8.0,3.0,3.0
2022-08-01,93.0,61.0,13.0,5.0,2.0,3.0
2022-08-02,83.0,64.0,23.0,6.0,7.0,3.0
2022-08-03,109.0,66.0,20.0,9.0,4.0,3.0
2022-08-04,142.0,59.0,30.0,8.0,3.0,3.0
2022-08-05,125.0,28.0,27.0,5.0,3.0,3.0
2022-08-06,65.0,26.0,18.0,5.0,6.0,3.0
2022-08-07,53.0,26.0,17.0,5.0,6.0,2.0
2022-08-08,57.0,23.0,7.0,3.0,1.0,3.0
2022-08-09,49.0,17.0,9.0,6.0,1.0,3.0
2022-08-10,35.0,27.0,11.0,11.0,2.0,3.0
2022-08-11,37.0,34.0,9.0,7.0,2.0,3.0
2022-08-12,44.0,30.0,12.0,6.0,2.0,3.0
2022-08-13,41.0,28.0,7.0,5.0,2.0,3.0
2022-08-14,49.0,17.0,11.0,4.0,2.0,2.0
2022-08-15,38.0,30.0,12.0,5.0,2.0,3.0
2022-08-16,37.0,39.0,10.0,7.0,2.0,6.0
2022-08-17,53.0,42.0,11.0,8.0,2.0,14.0
2022-08-18,55.0,32.0,14.0,3.0,2.0,9.0
2022-08-19,44.0,62.0,16.0,4.0,2.0,7.0
2022-08-20,46.0,27.0,15.0,3.0,2.0,8.0
2022-08-21,43.0,46.0,11.0,6.0,2.0,9.0
2022-08-22,68.0,48.0,12.0,9.0,1.0,16.0
2022-08-23,69.0,45.0,16.0,8.0,1.0,13.0
2022-08-24,68.0,42.0,19.0,5.0,1.0,9.0
2022-08-25,52.0,50.0,21.0,7.0,1.0,8.0
2022-08-26,78.0,50.0,25.0,4.0,1.0,8.0
2022-08-27,72.0,59.0,25.0,3.0,1.0,9.0
2022-08-28,88.0,43.0,21.0,5.0,2.0,10.0
2022-08-29,68.0,35.0,24.0,8.0,2.0,13.0
2022-08-30,65.0,57.0,25.0,6.0,2.0,17.0
2022-08-31,130.0,41.0,20.0,7.0,2.0,14.0
2022-09-01,83.0,43.0,31.0,9.0,4.0,15.0
2022-09-02,90.0,48.0,22.0,9.0,2.0,17.0
2022-09-03,91.0,22.0,12.0,6.0,1.0,11.0
2022-09-04,44.0,36.0,13.0,8.0,1.0,13.0
2022-09-05,64.0,36.0,23.0,6.0,2.0,10.0
2022-09-06,75.0,43.0,27.0,6.0,3.0,12.0
2022-09-07,93.0,55.0,25.0,8.0,2.0,14.0
2022-09-08,129.0,56.0,33.0,9.0,1.0,9.0
2022-09-09,100.0,48.0,35.0,6.0,1.0,6.0
2022-09-10,101.0,28.0,26.0,3.0,2.0,6.0
2022-09-11,62.0,19.0,13.0,7.0,2.0,5.0
2022-09-12,42.0,24.0,23.0,7.0,2.0,6.0
2022-09-13,60.0,21.0,15.0,6.0,1.0,5.0
2022-09-14,37.0,24.0,9.0,7.0,1.0,6.0
2022-09-15,41.0,22.0,15.0,6.0,1.0,5.0
2022-09-16,42.0,37.0,16.0,7.0,2.0,7.0
2022-09-17,68.0,46.0,25.0,5.0,2.0,6.0
2022-09-18,79.0,54.0,20.0,9.0,2.0,10.0
2022-09-19,87.0,53.0,27.0,6.0,1.0,13.0
2022-09-20,89.0,44.0,22.0,6.0,1.0,7.0
2022-09-21,89.0,46.0,12.0,8.0,2.0,9.0
2022-09-22,91.0,51.0,17.0,6.0,1.0,4.0
2022-09-23,91.0,43.0,16.0,5.0,1.0,5.0
2022-09-24,75.0,63.0,17.0,8.0,3.0,6.0
2022-09-25,114.0,52.0,28.0,6.0,3.0,4.0
2022-09-26,103.0,53.0,26.0,8.0,5.0,6.0
2022-09-27,98.0,42.0,17.0,9.0,5.0,8.0
2022-09-28,72.0,57.0,36.0,8.0,3.0,9.0
2022-09-29,106.0,66.0,44.0,9.0,2.0,10.0
2022-09-30,117.0,63.0,36.0,10.0,4.0,7.0
2022-10-01,106.0,46.0,42.0,5.0,2.0,3.0
2022-10-02,80.0,45.0,40.0,6.0,1.0,5.0
2022-10-03,82.0,56.0,33.0,9.0,1.0,9.0
2022-10-04,96.0,53.0,23.0,6.0,1.0,10.0
2022-10-05,126.0,28.0,17.0,6.0,1.0,7.0
2022-10-06,56.0,25.0,12.0,8.0,3.0,7.0
2022-10-07,47.0,37.0,28.0,8.0,4.0,8.0
2022-10-08,77.0,38.0,24.0,7.0,2.0,7.0
2022-10-09,71.0,27.0,13.0,8.0,2.0,8.0
2022-10-10,50.0,37.0,6.0,9.0,1.0,11.0
2022-10-11,59.0,43.0,10.0,10.0,3.0,12.0
2022-10-12,81.0,49.0,12.0,8.0,3.0,9.0
2022-10-13,101.0,49.0,24.0,6.0,7.0,8.0
2022-10-14,105.0,52.0,31.0,8.0,7.0,7.0
2022-10-15,102.0,45.0,16.0,5.0,5.0,10.0
2022-10-16,104.0,50.5,29.5,8.0,3.0,8.5
2022-10-17,103.0,50.5,29.5,8.0,3.0,8.5
2022-10-18,103.0,50.5,29.5,8.0,3.0,8.5
2022-10-19,103.0,50.5,29.5,8.0,3.0,8.5
2022-10-20,103.0,50.5,29.5,8.0,3.0,8.5
2022-10-21,103.0,50.5,29.5,8.0,3.0,8.5
2022-10-22,103.0,50.5,29.5,8.0,3.0,8.5
2022-10-23,103.0,70.0,21.0,4.0,3.0,3.0
2022-10-24,154.0,79.0,41.0,11.0,2.0,6.0
2022-10-25,165.0,84.0,53.0,8.0,6.0,9.0
2022-10-26,162.0,76.0,40.0,13.0,8.0,14.0
2022-10-27,154.0,83.0,34.0,13.0,9.0,9.0
2022-10-28,157.0,87.0,33.0,12.0,11.0,8.0
2022-10-29,154.0,91.0,42.0,12.0,8.0,11.0
2022-10-30,165.0,84.0,43.0,14.0,9.0,11.0
2022-10-31,161.0,83.0,38.0,9.0,8.0,12.0
2022-11-01,165.0,81.0,40.0,13.0,9.0,11.0
2022-11-02,162.0,82.0,38.0,11.0,7.0,13.0
2022-11-03,154.0,95.0,35.0,15.0,10.0,12.0
2022-11-04,161.0,113.0,14.0,16.0,11.0,12.0
2022-11-05,175.0,113.0,13.0,17.0,17.0,11.0
2022-11-06,182.0,107.0,16.0,21.0,6.0,12.0
2022-11-07,166.0,84.0,36.0,16.0,10.0,12.0
2022-11-08,161.0,90.0,39.0,22.0,13.0,11.0
2022-11-09,164.0,93.0,37.0,18.0,12.0,11.0
2022-11-10,171.0,102.0,38.0,21.0,8.0,14.0
2022-11-11,170.0,99.0,37.0,20.0,10.0,13.0
2022-11-12,175.0,96.0,42.0,21.0,11.0,14.0
2022-11-13,166.0,93.0,40.0,20.0,8.0,12.0
2022-11-14,161.0,95.0,30.0,27.0,12.0,14.0
2022-11-15,166.0,85.0,38.0,22.0,10.0,13.0
2022-11-16,160.0,87.0,34.0,22.0,6.0,10.0
2022-11-17,163.0,78.0,31.0,20.0,5.0,9.0
2022-11-18,145.0,70.0,34.0,19.0,11.0,7.0
2022-11-19,140.0,92.0,38.0,28.0,12.0,10.0
2022-11-20,163.0,101.0,37.0,28.0,6.0,11.0
2022-11-21,173.0,101.0,47.0,23.0,6.0,11.0
2022-11-22,175.0,99.0,43.0,26.0,6.0,13.0
2022-11-23,170.0,95.0,36.0,26.0,7.0,12.0
2022-11-24,164.0,98.0,39.0,28.0,6.0,13.0
2022-11-25,164.0,89.0,37.0,27.0,8.0,8.0
2022-11-26,160.0,99.0,46.0,23.0,11.0,12.0
2022-11-27,168.0,112.0,39.0,37.0,12.0,21.0
2022-11-28,173.0,110.0,40.0,29.0,6.0,17.0
2022-11-29,182.0,126.0,53.0,44.0,8.0,22.0
2022-11-30,207.0,123.0,44.0,29.0,6.0,20.0
2022-12-01,208.0,127.0,42.0,32.0,7.0,17.0
2022-12-02,210.0,144.0,44.0,31.0,13.0,14.0
2022-12-03,229.0,133.0,39.0,32.0,4.0,14.0
2022-12-04,217.0,128.0,40.0,30.0,10.0,13.0
2022-12-05,204.0,115.0,28.0,15.0,11.0,18.0
2022-12-06,183.0,95.0,28.0,21.5,9.0,8.0
2022-12-07,166.0,88.0,28.0,4.0,10.0,11.0
2022-12-08,149.0,92.0,32.0,4.0,8.0,15.0
2022-12-09,156.0,100.0,34.0,4.0,14.0,11.0
2022-12-10,171.0,101.0,25.0,8.0,16.0,17.0
2022-12-11,175.0,92.0,23.0,19.0,11.0,21.0
2022-12-12,172.0,97.0,25.0,20.0,7.0,23.0
2022-12-13,177.0,75.0,30.0,16.0,14.0,15.0
2022-12-14,136.0,88.0,26.0,21.0,12.0,19.0
2022-12-15,140.0,102.0,38.0,22.0,10.0,22.0
2022-12-16,166.0,75.0,26.0,20.0,10.0,21.0
2022-12-17,144.0,74.0,34.0,20.0,6.0,19.0
2022-12-18,134.0,86.0,35.0,23.0,8.0,19.0
2022-12-19,151.0,97.0,35.0,27.0,9.0,29.0
2022-12-20,164.0,108.0,32.0,28.0,9.0,24.0
2022-12-21,175.0,112.0,33.0,31.0,14.0,22.0
2022-12-22,176.0,114.0,40.0,31.0,7.0,23.0
2022-12-23,182.0,106.0,36.0,26.0,10.0,21.0
2022-12-24,181.0,105.0,33.0,25.0,6.0,20.0
2022-12-25,182.0,113.0,21.0,28.0,8.0,25.0
2022-12-26,182.0,104.0,14.0,25.0,9.0,32.0
2022-12-27,171.0,99.0,29.0,18.0,12.0,13.0
2022-12-28,174.0,80.0,31.0,20.0,9.0,17.0
2022-12-29,135.0,113.0,37.0,32.0,10.0,24.0
2022-12-30,176.0,95.0,29.0,21.0,11.0,17.0
2022-12-31,162.0,74.0,37.0,14.0,15.0,11.0
2023-01-01,148.0,89.0,42.0,17.0,13.0,16.0
2023-01-02,164.0,105.0,33.0,19.0,8.0,23.0
2023-01-03,183.0,126.0,27.0,7.0,12.0,12.0
2023-01-04,203.0,131.0,23.0,10.0,14.0,15.0
2023-01-05,209.0,114.0,35.0,15.0,15.0,17.0
2023-01-06,194.0,90.0,27.0,19.0,20.0,11.0
2023-01-07,167.0,63.0,26.0,18.0,9.0,16.0
2023-01-08,125.0,87.0,36.0,21.0,6.0,17.0
2023-01-09,157.0,89.0,33.0,28.0,17.0,16.0
2023-01-10,151.0,91.0,35.0,27.0,5.0,18.0
2023-01-11,161.0,102.0,44.0,28.0,8.0,15.0
2023-01-12,174.0,99.0,40.0,26.0,6.0,11.0
2023-01-13,169.0,90.0,31.0,20.0,17.0,12.0
2023-01-14,157.0,103.0,39.0,14.0,15.0,7.0
2023-01-15,153.0,109.0,40.0,23.0,11.0,17.0
2023-01-16,176.0,102.0,36.0,19.0,6.0,13.0
2023-01-17,171.0,93.0,29.0,18.0,5.0,10.0
2023-01-18,166.0,93.0,38.0,22.0,6.0,15.0
2023-01-19,168.0,106.0,30.0,25.0,6.0,19.0
2023-01-20,180.0,93.0,27.0,27.0,3.0,14.0
2023-01-21,166.0,91.0,32.0,21.0,5.0,10.0
2023-01-22,170.0,94.0,30.0,23.0,4.0,15.0
2023-01-23,166.0,91.0,27.0,25.0,3.0,13.0
2023-01-24,168.0,81.0,28.0,24.0,7.0,17.0
2023-01-25,145.0,80.0,36.0,21.0,2.0,10.0
2023-01-26,154.0,98.0,37.0,20.0,10.0,14.0
2023-01-27,174.0,95.0,40.0,14.0,7.0,11.0
2023-01-28,172.0,108.0,40.0,19.0,5.0,15.0
2023-01-29,180.0,120.0,43.0,25.0,5.0,15.0
2023-01-30,191.0,114.0,30.0,13.0,11.0,10.0
2023-01-31,188.0,64.0,29.0,12.0,13.0,13.0
2023-02-01,118.0,67.0,27.0,15.0,11.0,8.0
2023-02-02,105.0,71.0,34.0,17.0,12.0,9.0
2023-02-03,113.0,81.0,24.0,24.0,13.0,11.0
2023-02-04,121.0,78.0,38.0,20.0,10.0,9.0
2023-02-05,130.0,94.0,47.0,29.0,7.0,14.0
2023-02-06,155.0,91.0,38.0,27.0,6.0,13.0
2023-02-07,153.0,86.0,26.0,21.0,7.0,15.0
2023-02-08,122.0,86.0,45.0,25.0,9.0,10.0
2023-02-09,135.0,93.0,37.0,25.0,16.0,17.0
2023-02-10,155.0,79.0,30.0,18.0,9.0,8.0
2023-02-11,127.0,83.0,25.0,18.0,12.0,7.0
2023-02-12,113.0,76.0,37.0,15.0,5.0,8.0
2023-02-13,110.0,73.0,26.0,22.0,19.0,12.0
2023-02-14,113.0,93.0,30.0,23.0,13.0,18.0
2023-02-15,131.0,79.0,35.0,19.0,8.0,13.0
2023-02-16,112.0,82.0,38.0,20.0,9.0,11.0
2023-02-17,120.0,97.0,46.0,23.0,17.0,16.0
2023-02-18,164.0,96.0,46.0,20.0,11.0,13.0
2023-02-19,164.0,108.0,64.0,31.0,9.0,19.0
2023-02-20,167.0,100.0,28.0,36.0,11.0,18.0
2023-02-21,154.0,77.0,38.0,22.0,9.0,11.0
2023-02-22,129.0,89.0,57.0,29.0,9.0,14.0
2023-02-23,144.0,84.0,36.0,20.0,6.0,10.0
2023-02-24,128.0,82.0,43.0,22.0,18.0,9.0
2023-02-25,136.0,81.0,50.0,20.0,20.0,8.0
2023-02-26,150.0,96.0,47.0,21.0,9.0,9.0
2023-02-27,164.0,109.0,49.0,26.0,9.0,13.0
2023-02-28,172.0,113.0,41.0,31.0,6.0,15.0
2023-03-01,178.0,124.0,50.0,38.0,11.0,18.0
2023-03-02,188.0,116.0,52.0,28.0,15.0,14.0
2023-03-03,185.0,108.0,45.0,27.0,9.0,12.0
2023-03-04,158.0,90.0,36.0,19.0,18.0,6.0
2023-03-05,146.0,83.0,45.0,16.0,13.0,6.0
2023-03-06,159.0,62.0,33.0,5.0,2.0,3.0
2023-03-07,105.0,63.0,34.0,17.0,9.0,8.0
2023-03-08,113.0,59.0,42.0,14.0,10.0,5.0
2023-03-09,121.0,58.0,36.0,18.0,9.0,8.0
2023-03-10,120.0,59.0,44.0,15.0,11.0,8.0
2023-03-11,109.0,70.0,52.0,19.0,11.0,8.0
2023-03-12,142.0,79.0,47.0,28.0,14.0,11.0
2023-03-13,152.0,78.0,36.0,25.0,6.0,8.0
2023-03-14,150.0,72.0,43.0,22.0,5.0,6.0
2023-03-15,154.0,56.0,30.0,18.0,1.0,6.0
2023-03-16,136.0,58.0,40.0,19.0,5.0,6.0
2023-03-17,122.0,47.0,33.0,11.0,9.0,4.0
2023-03-18,77.0,45.0,30.0,15.0,7.0,5.0
2023-03-19,91.0,59.0,36.0,24.0,4.0,11.0
2023-03-20,116.0,73.0,33.0,26.0,8.0,11.0
2023-03-21,133.0,83.0,36.0,20.0,12.0,8.0
2023-03-22,150.0,79.0,43.0,26.0,6.0,13.0
2023-03-23,156.0,84.0,40.0,30.0,5.0,14.0
2023-03-24,159.0,81.0,49.0,18.0,11.0,6.0
2023-03-25,155.0,72.0,29.0,20.0,6.0,8.0
2023-03-26,148.0,77.0,30.0,27.0,9.0,10.0
2023-03-27,135.0,75.0,59.0,24.0,7.0,10.0
2023-03-28,128.0,90.0,38.0,32.0,5.0,12.0
2023-03-29,146.0,74.0,42.0,21.0,5.0,7.0
2023-03-30,145.0,78.0,42.0,10.0,7.0,3.0
2023-03-31,147.0,74.5,40.0,20.0,8.5,8.0
2023-04-01,122.5,65.0,33.0,18.0,7.0,7.0
2023-04-02,122.5,82.0,48.0,28.0,7.0,12.0
2023-04-03,157.0,71.0,39.0,20.0,3.0,8.0
2023-04-04,132.0,75.0,30.0,21.0,10.0,5.0
2023-04-05,122.0,83.0,25.0,24.0,14.0,8.0
2023-04-06,132.0,75.0,33.0,16.0,9.0,5.0
2023-04-07,144.0,57.0,15.0,21.0,7.0,10.0
2023-04-08,112.0,85.0,40.0,14.0,12.0,5.0
2023-04-09,152.0,54.0,30.0,16.0,4.0,5.0
2023-04-10,110.0,74.0,42.0,28.0,7.0,11.0
2023-04-11,131.0,102.0,47.0,22.0,11.0,9.0
2023-04-12,165.0,96.0,41.0,37.0,14.0,17.0
2023-04-13,166.0,76.0,43.0,20.0,7.0,7.0
2023-04-14,140.0,65.0,25.0,18.0,4.0,8.0
2023-04-15,120.0,76.0,34.0,25.0,4.0,10.0
2023-04-16,147.0,74.0,38.0,29.0,15.0,13.0
2023-04-17,136.0,82.0,44.0,31.0,9.0,11.0
2023-04-18,154.0,61.0,38.0,25.0,3.0,10.0
2023-04-19,123.0,65.0,43.0,16.0,14.0,4.0
2023-04-20,133.0,53.0,37.0,23.0,4.0,8.0
2023-04-21,106.0,50.0,34.0,14.0,5.0,4.0
2023-04-22,104.0,51.0,31.0,14.0,5.0,6.0
2023-04-23,100.0,54.0,26.0,16.0,7.0,4.0
2023-04-24,108.0,51.0,23.0,13.0,7.0,4.0
2023-04-25,103.0,41.0,20.0,16.0,6.0,7.0
2023-04-26,81.0,40.0,24.0,13.0,3.0,4.0
2023-04-27,81.0,64.0,23.0,16.0,14.0,5.0
2023-04-28,82.0,36.0,26.0,9.0,10.0,3.0
2023-04-29,71.0,28.0,16.0,10.0,11.0,3.0
2023-04-30,64.0,30.0,25.0,8.0,5.0,2.0
2023-05-01,62.0,38.0,15.0,11.0,4.0,3.0
2023-05-02,78.0,41.0,16.0,15.0,5.0,6.0
2023-05-03,85.0,60.0,22.0,15.0,9.0,6.0
2023-05-04,128.0,59.0,27.0,16.0,5.0,7.0
2023-05-05,120.0,61.0,25.0,23.0,5.0,6.0
2023-05-06,123.0,74.0,26.0,20.0,7.0,6.0
2023-05-07,155.0,69.0,25.0,21.0,5.0,7.0
2023-05-08,133.0,78.0,26.0,22.0,7.0,7.0
2023-05-09,135.0,88.0,31.0,29.0,12.0,11.0
2023-05-10,150.0,81.0,37.0,31.0,11.0,10.0
2023-05-11,134.0,79.0,41.0,32.0,12.0,11.0
2023-05-12,134.0,75.0,49.0,27.0,14.0,8.0
2023-05-13,138.0,78.0,34.0,25.0,6.0,8.0
2023-05-14,128.0,63.0,28.0,18.0,4.0,7.0
2023-05-15,107.0,57.0,23.0,18.0,5.0,5.0
2023-05-16,90.0,60.0,26.0,16.0,3.0,4.0
2023-05-17,104.0,60.0,27.0,19.0,4.0,6.0
2023-05-18,104.0,62.0,28.0,15.0,2.0,5.0
2023-05-19,99.0,65.5,27.0,18.5,5.0,6.0
2023-05-20,108.5,65.5,27.0,18.5,5.0,6.0
2023-05-21,108.5,65.5,27.0,18.5,5.0,6.0
2023-05-22,108.5,77.0,45.0,22.0,10.0,7.0
2023-05-23,138.0,64.0,30.0,19.0,3.0,6.0
2023-05-24,110.0,67.0,25.0,15.0,3.0,5.0
2023-05-25,93.0,71.0,22.0,9.0,2.0,3.0
2023-05-26,82.0,75.0,22.0,12.0,3.0,4.0
2023-05-27,98.0,67.0,24.0,12.0,4.0,4.0
2023-05-28,109.0,55.0,30.0,15.0,6.0,5.0
2023-05-29,102.0,56.0,33.0,21.0,5.0,7.0
2023-05-30,108.0,63.0,30.0,15.0,10.0,4.0
2023-05-31,101.0,70.0,31.0,19.0,9.0,6.0
2023-06-01,99.0,61.0,28.0,16.0,3.0,4.0
2023-06-02,85.0,70.0,28.0,14.0,9.0,4.0
2023-06-03,111.0,57.0,30.0,11.0,8.0,3.0
2023-06-04,108.0,48.0,35.0,9.0,3.0,3.0
2023-06-05,78.0,67.0,36.0,9.0,3.0,3.0
2023-06-06,99.0,70.0,28.0,18.0,7.0,7.0
2023-06-07,108.0,59.0,35.0,17.0,5.0,7.0
2023-06-08,98.0,58.0,30.0,15.0,3.0,5.0
2023-06-09,99.0,63.0,27.0,15.0,2.0,5.0
2023-06-10,102.0,48.0,29.0,6.0,2.0,2.0
2023-06-11,81.0,52.0,26.0,13.0,2.0,4.0
2023-06-12,93.0,54.0,23.0,17.0,1.0,8.0
2023-06-13,97.0,61.0,17.0,16.0,2.0,6.0
2023-06-14,86.0,55.0,17.0,11.0,3.0,3.0
2023-06-15,70.0,60.0,16.0,14.0,2.0,6.0
2023-06-16,84.0,69.0,17.0,13.0,3.0,5.0
2023-06-17,92.0,78.0,19.0,8.0,2.0,3.0
2023-06-18,96.0,77.0,16.0,8.0,3.0,3.0
2023-06-19,88.0,66.0,16.0,9.0,3.0,3.0
2023-06-20,85.0,61.0,19.0,8.0,2.0,3.0
2023-06-21,86.0,61.0,18.0,11.0,4.0,4.0
2023-06-22,108.0,41.0,5.0,15.0,1.0,5.0
2023-06-23,95.0,43.0,9.0,10.0,3.0,4.0
2023-06-24,80.0,47.0,11.0,12.0,1.0,4.0
2023-06-25,79.0,32.0,7.0,9.0,3.0,3.0
2023-06-26,63.0,28.0,4.0,9.0,3.0,4.0
2023-06-27,62.0,39.0,1.0,10.0,3.0,6.0
2023-06-28,83.0,33.0,6.0,11.0,3.0,3.0
2023-06-29,51.0,32.0,5.0,11.0,1.0,4.0
2023-06-30,54.0,31.0,6.0,10.0,1.0,3.0
2023-07-01,53.0,25.0,6.0,8.0,1.0,5.0
2023-07-02,54.0,48.0,6.0,13.0,1.0,7.0
2023-07-03,85.0,42.0,11.0,9.0,1.0,3.0
2023-07-04,75.0,33.0,12.0,9.0,1.0,3.0
2023-07-05,74.0,30.0,8.0,9.0,1.0,3.0
2023-07-06,66.0,33.0,5.0,14.0,1.0,5.0
2023-07-07,52.0,22.0,4.0,6.0,1.0,2.0
2023-07-08,39.0,34.0,4.0,6.0,1.0,3.0
2023-07-09,50.0,39.0,5.0,9.0,1.0,5.0
2023-07-10,58.0,37.0,1.0,9.0,1.0,5.0
2023-07-11,68.0,35.0,3.0,10.0,1.0,5.0
2023-07-12,71.0,35.0,4.0,9.0,1.0,5.0
2023-07-13,70.0,44.0,3.0,11.0,1.0,8.0
2023-07-14,79.0,49.0,3.0,8.0,1.0,5.0
2023-07-15,87.0,32.0,2.0,7.0,1.0,3.0
2023-07-16,68.0,31.0,2.0,7.0,1.0,3.0
2023-07-17,49.0,25.0,3.0,7.0,1.0,3.0
2023-07-18,52.0,34.0,4.0,9.0,1.0,4.0
2023-07-19,69.0,33.0,2.0,9.0,1.0,5.0
2023-07-20,62.0,22.0,2.0,7.0,1.0,4.0
2023-07-21,45.0,23.0,2.0,6.0,1.0,3.0
2023-07-22,43.0,27.0,1.0,5.0,1.0,4.0
2023-07-23,39.0,31.0,1.0,7.0,1.0,6.0
2023-07-24,57.0,35.0,2.0,5.0,1.0,3.0
2023-07-25,58.0,33.0,3.0,5.0,1.0,3.0
2023-07-26,70.0,32.0,4.0,8.0,1.0,3.0
2023-07-27,67.0,20.0,1.0,3.0,1.0,3.0
2023-07-28,42.0,37.0,3.0,3.0,1.0,3.0
2023-07-29,48.0,34.0,1.0,4.0,1.0,2.0
2023-07-30,40.0,32.0,1.0,6.0,1.0,3.0
2023-07-31,34.0,36.0,1.0,6.0,1.0,3.0
2023-08-01,49.0,34.0,1.0,7.0,3.0,4.0
2023-08-02,51.0,21.0,2.0,11.0,1.0,3.0
2023-08-03,40.0,43.0,1.0,8.0,1.0,3.0
2023-08-04,61.0,34.0,1.0,9.0,1.0,2.0
2023-08-05,51.0,35.0,2.0,8.0,1.0,2.0
2023-08-06,55.0,51.0,1.0,8.0,1.0,3.0
2023-08-07,60.0,57.0,1.0,8.0,1.0,3.0
2023-08-08,74.0,62.0,1.0,6.0,1.0,4.0
2023-08-09,76.0,61.0,1.0,3.0,1.0,4.0
2023-08-10,73.0,51.0,2.0,3.0,1.0,3.0
2023-08-11,60.0,60.0,3.0,2.0,1.0,3.0
2023-08-12,77.0,52.0,3.0,2.0,1.0,3.0
2023-08-13,70.0,55.0,2.0,2.0,1.0,3.0
2023-08-14,72.0,51.0,2.0,1.0,1.0,3.0
2023-08-15,72.0,51.0,3.0,1.0,1.0,2.0
2023-08-16,65.0,63.0,3.0,2.0,1.0,3.0
2023-08-17,84.0,34.0,3.0,1.0,1.0,2.0
2023-08-18,68.0,33.0,2.0,1.0,1.0,2.0
2023-08-19,59.0,25.0,2.0,1.0,1.0,2.0
2023-08-20,45.0,51.0,2.0,2.0,1.0,3.0
2023-08-21,77.0,43.0,2.0,1.0,1.0,4.0
2023-08-22,74.0,33.0,2.0,1.0,1.0,5.0
2023-08-23,67.0,35.0,2.0,1.0,1.0,5.0
2023-08-24,61.0,41.0,1.0,1.0,1.0,5.0
2023-08-25,64.0,51.0,2.0,2.0,1.0,2.0
2023-08-26,68.0,47.0,3.0,1.0,1.0,2.0
2023-08-27,63.0,84.0,3.0,1.0,1.0,4.0
2023-08-28,96.0,80.0,3.0,2.0,1.0,5.0
2023-08-29,95.0,69.0,7.0,3.0,1.0,3.0
2023-08-30,81.0,63.0,4.0,5.0,1.0,4.0
2023-08-31,83.0,68.0,6.0,2.0,1.0,6.0
2023-09-01,97.0,67.0,7.0,2.0,1.0,6.0
2023-09-02,111.0,58.0,5.0,1.0,1.0,4.0
2023-09-03,97.0,43.0,6.0,2.0,1.0,4.0
2023-09-04,66.0,53.0,5.0,2.0,1.0,5.0
2023-09-05,92.0,41.0,4.0,2.0,1.0,7.0
2023-09-06,89.0,44.0,3.0,2.0,1.0,6.0
2023-09-07,84.0,35.0,2.0,1.0,1.0,5.0
2023-09-08,61.0,27.0,2.0,1.0,1.0,5.0
2023-09-09,54.0,36.0,2.0,1.0,1.0,4.0
2023-09-10,74.0,50.0,2.0,2.0,1.0,6.0
2023-09-11,84.0,47.0,4.0,1.0,1.0,3.0
2023-09-12,75.0,39.0,3.0,1.0,1.0,4.0
2023-09-13,66.0,31.0,2.0,4.0,1.0,5.0
2023-09-14,70.0,18.0,3.0,1.0,1.0,3.0
2023-09-15,39.0,33.0,2.0,3.0,1.0,4.0
2023-09-16,54.0,37.0,3.0,6.0,1.0,5.0
2023-09-17,61.0,43.0,2.0,6.0,1.0,8.0
2023-09-18,66.0,45.0,4.0,5.0,1.0,4.0
2023-09-19,79.0,37.0,3.0,5.0,1.0,5.0
2023-09-20,72.0,30.0,1.0,5.0,1.0,5.0
2023-09-21,63.0,27.0,3.0,5.0,1.0,6.0
2023-09-22,58.0,33.0,3.0,6.0,1.0,6.0
2023-09-23,82.0,38.0,4.0,4.0,1.0,3.0
2023-09-24,75.0,46.0,3.0,5.0,1.0,3.0
2023-09-25,90.0,43.0,5.0,5.0,1.0,5.0
2023-09-26,83.0,57.0,5.0,6.0,1.0,6.0
2023-09-27,113.0,47.0,4.0,5.0,1.0,4.0
2023-09-28,94.0,54.0,7.0,5.0,1.0,4.0
2023-09-29,105.0,55.0,5.0,6.0,1.0,6.0
2023-09-30,100.0,69.0,9.0,5.0,1.0,5.0
2023-10-01,141.0,58.0,4.0,4.0,1.0,3.0
2023-10-02,102.0,52.0,10.0,6.0,1.0,4.0
2023-10-03,95.0,73.0,18.0,6.0,2.0,6.0
2023-10-04,121.0,69.0,17.0,5.0,1.0,5.0
2023-10-05,106.0,69.0,17.0,6.0,2.0,6.0
2023-10-06,116.0,68.0,19.0,6.0,2.0,6.0
2023-10-07,127.0,74.0,18.0,7.0,8.0,7.0
2023-10-08,127.0,79.0,20.0,9.0,2.0,12.0
2023-10-09,138.0,81.0,20.0,9.0,6.0,10.0
2023-10-10,137.0,80.0,19.0,10.0,4.0,10.0
2023-10-11,152.0,84.0,18.0,14.0,4.0,10.0
2023-10-12,152.0,77.0,15.0,14.0,7.0,9.0
2023-10-13,148.0,86.0,18.0,15.0,5.0,11.0
2023-10-14,160.0,94.0,16.0,13.0,5.0,9.0
2023-10-15,169.0,93.0,14.0,11.0,4.0,11.0
2023-10-16,162.0,81.0,20.0,4.0,3.0,7.0
2023-10-17,154.0,75.0,17.0,4.0,7.0,8.0
2023-10-18,147.0,78.0,21.0,6.0,3.0,6.0
2023-10-19,154.0,81.0,21.0,7.0,10.0,6.0
2023-10-20,149.0,77.0,26.0,11.0,5.0,8.0
2023-10-21,154.0,76.0,22.0,10.0,7.0,6.0
2023-10-22,147.0,82.0,22.0,15.0,10.0,9.0
2023-10-23,152.0,78.0,26.0,12.0,9.0,8.0
2023-10-24,149.0,79.0,25.0,13.0,5.0,11.0
2023-10-25,158.0,83.0,20.0,10.0,11.0,6.0
2023-10-26,160.0,81.0,29.0,14.0,8.0,10.0
2023-10-27,156.0,86.0,33.0,12.0,8.0,9.0
2023-10-28,159.0,89.0,33.0,12.0,10.0,9.0
2023-10-29,162.0,96.0,35.0,15.0,9.0,10.0
2023-10-30,166.0,104.0,34.0,15.0,11.0,11.0
2023-10-31,168.0,96.0,31.0,16.0,8.0,11.0
2023-11-01,168.0,97.0,31.0,13.0,9.0,12.0
2023-11-02,170.0,97.0,16.0,15.0,5.0,13.0
2023-11-03,170.0,88.0,24.0,13.0,6.0,9.0
2023-11-04,169.0,88.0,27.0,13.0,8.0,8.0
2023-11-05,167.0,96.0,25.0,18.0,10.0,10.0
2023-11-06,166.0,101.0,30.0,16.0,8.0,10.0
2023-11-07,167.0,94.0,30.0,20.0,4.0,15.0
2023-11-08,164.0,93.0,33.0,20.0,4.0,15.0
2023-11-09,164.0,94.0,29.0,22.0,4.0,13.0
2023-11-10,166.0,113.0,3.0,33.0,4.0,17.0
2023-11-11,187.0,95.0,24.5,16.5,6.0,9.5
2023-11-12,167.5,95.0,24.5,16.5,6.0,9.5
2023-11-13,167.5,95.0,24.5,16.5,6.0,9.5
2023-11-14,167.5,95.0,24.5,16.5,6.0,9.5
2023-11-15,167.5,95.0,24.5,16.5,6.0,9.5
2023-11-16,167.5,95.0,24.5,16.5,6.0,9.5
2023-11-17,167.5,95.0,24.5,16.5,6.0,9.5
2023-11-18,167.5,85.0,32.0,17.0,6.0,9.0
2023-11-19,160.0,89.0,12.0,19.0,2.0,9.0
2023-11-20,166.0,95.0,24.5,16.5,6.0,9.5
2023-11-21,167.5,99.0,38.0,13.0,35.0,4.0
2023-11-22,168.0,102.0,43.0,11.0,9.0,6.0
2023-11-23,172.0,152.0,3.0,30.0,5.0,12.0
2023-11-24,199.0,204.0,1.0,57.0,7.0,33.0
2023-11-25,219.0,123.0,38.0,19.0,6.0,9.0
2023-11-26,188.0,118.0,24.0,12.0,14.0,6.0
2023-11-27,186.0,71.0,15.0,11.0,7.0,6.0
2023-11-28,146.0,63.0,24.0,11.0,4.0,7.0
2023-11-29,123.0,73.0,22.0,22.0,8.0,11.0
2023-11-30,132.0,66.0,22.0,11.0,3.0,6.0
2023-12-01,135.0,69.0,26.0,22.0,13.0,10.0
2023-12-02,130.0,74.0,33.0,18.0,10.0,7.0
2023-12-03,137.0,104.0,30.0,15.0,10.0,7.0
2023-12-04,171.0,84.0,21.0,6.0,8.0,4.0
2023-12-05,144.0,78.0,26.0,18.0,7.0,11.0
2023-12-06,138.0,18.0,5.0,5.0,4.0,3.0
2023-12-07,37.0,53.0,6.0,14.0,14.0,10.0
2023-12-08,99.0,63.0,17.0,15.0,4.0,10.0
2023-12-09,118.0,69.0,20.0,16.0,10.0,8.0
2023-12-10,133.0,78.0,24.0,15.0,4.0,9.0
2023-12-11,147.0,102.0,24.0,19.0,5.0,10.0
2023-12-12,163.0,78.0,26.0,18.0,7.0,11.0
2023-12-13,138.0,73.0,25.0,21.0,19.0,12.0
2023-12-14,138.0,85.0,6.0,21.0,4.0,14.0
2023-12-15,144.0,76.0,29.0,10.0,10.0,11.0
2023-12-16,131.0,76.0,25.0,11.0,13.0,11.0
2023-12-17,134.0,56.0,24.0,3.0,2.0,3.0
2023-12-18,107.0,69.0,26.0,12.0,4.0,11.0
2023-12-19,114.0,69.0,33.0,8.0,4.0,6.0
2023-12-20,128.0,72.0,28.0,28.0,11.0,15.0
2023-12-21,112.0,71.0,24.0,28.0,5.0,14.0
2023-12-22,113.0,94.0,40.0,18.0,25.0,9.0
2023-12-23,164.0,118.0,54.0,25.0,9.0,14.0
2023-12-24,187.0,119.0,49.0,17.0,11.0,11.0
2023-12-25,183.0,113.0,41.0,34.0,6.0,19.0
2023-12-26,175.0,120.0,41.0,44.0,7.0,16.0
2023-12-27,178.0,124.0,27.0,28.0,7.0,17.0
2023-12-28,183.0,121.0,32.0,22.0,5.0,15.0
2023-12-29,181.0,108.0,18.0,11.0,4.0,7.0
2023-12-30,171.0,123.0,35.0,26.0,21.0,16.0
2023-12-31,180.0,118.0,30.0,26.0,6.0,18.0
2024-01-01,184.0,108.0,26.0,25.0,6.0,17.0
2024-01-02,172.0,97.0,23.0,19.0,11.0,13.0
2024-01-03,167.0,94.0,29.0,18.0,7.0,12.0
2024-01-04,162.0,78.0,5.0,20.0,4.0,17.0
2024-01-05,152.0,92.0,4.0,9.0,7.0,12.0
2024-01-06,169.0,85.0,32.0,8.0,7.0,7.0
2024-01-07,163.0,88.0,26.0,20.0,6.0,14.0
2024-01-08,148.0,85.0,21.0,31.0,5.0,14.0
2024-01-09,157.0,71.0,21.0,17.0,6.0,7.0
2024-01-10,144.0,71.0,24.0,11.0,7.0,8.0
2024-01-11,148.0,72.0,22.0,26.0,16.0,14.0
2024-01-12,132.0,66.0,30.0,16.0,5.0,8.0
2024-01-13,131.0,58.0,4.0,12.0,5.0,3.0
2024-01-14,120.0,72.0,33.0,20.0,17.0,10.0
2024-01-15,125.0,71.0,30.0,6.0,5.0,10.0
2024-01-16,139.0,92.0,22.0,5.0,4.0,12.0
2024-01-17,170.0,81.0,28.0,4.0,6.0,7.0
2024-01-18,161.0,68.0,21.0,4.0,6.0,4.0
2024-01-19,150.0,80.0,22.0,8.0,14.0,10.0
2024-01-20,163.0,86.0,31.0,4.0,12.0,5.0
2024-01-21,163.0,108.0,32.0,7.0,19.0,6.0
2024-01-22,172.0,95.0,14.0,5.0,13.0,5.0
2024-01-23,162.0,85.0,32.0,5.0,16.0,4.0
2024-01-24,167.0,87.0,27.0,11.0,21.0,10.0
2024-01-25,123.0,97.0,33.0,11.0,16.0,10.0
2024-01-26,165.0,95.0,37.0,9.0,7.0,8.0
2024-01-27,166.0,92.0,36.0,10.0,9.0,9.0
2024-01-28,162.0,111.0,30.0,15.0,10.0,14.0
2024-01-29,174.0,97.0,36.0,9.0,7.0,7.0
2024-01-30,166.0,101.0,27.0,25.0,7.0,17.0
2024-01-31,166.0,106.0,47.0,17.0,5.0,8.0
2024-02-01,171.0,76.0,36.0,7.0,8.0,4.0
2024-02-02,150.0,118.0,1.0,41.0,11.0,34.0
2024-02-03,164.0,87.0,34.0,20.0,7.0,9.0
2024-02-04,151.0,102.0,23.0,30.0,8.0,15.0
2024-02-05,158.0,87.0,21.0,18.0,6.0,9.0
2024-02-06,147.0,78.0,29.0,15.0,26.0,5.0
2024-02-07,134.0,75.0,27.0,5.0,13.0,4.0
2024-02-08,113.0,67.0,30.0,12.0,10.0,6.0
2024-02-09,117.0,86.0,27.0,14.0,12.0,5.0
2024-02-10,152.0,96.0,21.0,12.0,10.0,6.0
2024-02-11,165.0,69.0,17.0,10.0,5.0,4.0
2024-02-12,147.0,80.0,9.0,25.0,2.0,9.0
2024-02-13,150.0,82.0,7.0,37.0,4.0,19.0
2024-02-14,135.0,92.0,10.0,14.0,18.0,6.0
2024-02-15,167.0,82.0,10.0,29.0,8.0,12.0
2024-02-16,149.0,95.0,20.0,35.0,8.0,18.0
2024-02-17,153.0,71.0,3.0,47.0,3.0,14.0
2024-02-18,112.0,73.0,12.0,33.0,6.0,11.0
2024-02-19,122.0,71.0,13.0,28.0,7.0,8.0
2024-02-20,112.0,64.0,14.0,25.0,5.0,7.0
2024-02-21,116.0,58.0,7.0,15.0,4.0,4.0
2024-02-22,96.0,74.0,9.0,16.0,3.0,4.0
2024-02-23,125.0,71.0,11.0,11.0,8.0,3.0
2024-02-24,116.0,73.0,16.0,10.0,18.0,3.0
2024-02-25,142.0,74.0,8.0,9.0,9.0,4.0
2024-02-26,151.0,67.0,12.0,13.0,6.0,4.0
2024-02-27,144.0,69.0,21.0,15.0,7.0,5.0
2024-02-28,132.0,67.0,22.0,15.0,15.0,6.0
2024-02-29,128.0,78.0,17.0,17.0,11.0,6.0
2024-03-01,142.0,68.0,12.0,12.0,7.0,4.0
2024-03-02,120.0,68.0,15.0,15.0,9.0,4.0
2024-03-03,130.0,62.0,11.0,17.0,23.0,5.0
2024-03-04,94.0,67.0,10.0,21.0,13.0,8.0
2024-03-05,102.0,64.0,12.0,15.0,8.0,4.0
2024-03-06,114.0,66.0,86.0,17.0,24.0,9.0
2024-03-07,107.0,78.0,19.0,10.0,21.0,6.0
2024-03-08,144.0,80.0,22.0,12.0,9.0,9.0
2024-03-09,129.0,94.0,10.0,27.0,6.0,12.0
2024-03-10,157.0,94.0,11.0,30.0,6.0,9.0
2024-03-11,162.0,79.0,41.0,24.0,11.0,12.0
2024-03-12,129.0,54.0,22.0,26.0,2.0,9.0
2024-03-13,88.0,111.0,29.0,24.0,7.0,3.0
2024-03-14,96.0,75.5,26.0,21.5,8.0,8.0
2024-03-15,138.5,86.0,33.0,19.0,10.0,9.0
2024-03-16,156.0,63.0,32.0,19.0,5.0,4.0
2024-03-17,146.0,60.0,23.0,22.0,4.0,5.0
2024-03-18,131.0,59.0,19.0,39.0,8.0,6.0
2024-03-19,130.0,57.0,32.0,14.0,6.0,7.0
2024-03-20,117.0,71.0,23.0,28.0,7.0,14.0
2024-03-21,131.0,85.0,28.0,36.0,8.0,13.0
2024-03-22,141.0,108.0,33.0,39.0,7.0,15.0
2024-03-23,165.0,102.0,45.0,30.0,8.0,11.0
2024-03-24,160.0,87.0,38.0,13.0,8.0,8.0
2024-03-25,163.0,73.0,37.0,14.0,16.0,8.0
2024-03-26,162.0,80.0,29.0,25.0,8.0,8.0
2024-03-27,136.0,87.0,27.0,36.0,6.0,15.0
2024-03-28,149.0,83.0,29.0,24.0,6.0,9.0
2024-03-29,158.0,84.0,17.0,35.0,17.0,10.0
2024-03-30,170.0,64.0,32.0,13.0,5.0,4.0
2024-03-31,148.0,64.0,25.0,20.0,4.0,6.0
2024-04-01,124.0,61.5,27.0,12.0,5.0,6.0
2024-04-02,125.0,78.0,54.0,12.0,17.0,4.0
2024-04-03,134.0,106.0,29.0,22.0,10.0,9.0
2024-04-04,166.0,60.0,28.0,17.0,1.0,5.0
2024-04-05,99.0,61.5,27.0,12.0,5.0,6.0
2024-04-06,125.0,70.0,26.0,19.0,6.0,6.0
2024-04-07,156.0,71.0,25.0,12.0,5.0,6.0
2024-04-08,156.0,51.0,27.0,11.0,5.0,4.0
2024-04-09,128.0,67.0,31.0,12.0,5.0,5.0
2024-04-10,193.0,41.0,18.0,13.0,5.0,5.0
2024-04-11,77.0,61.5,27.0,12.0,5.0,6.0
2024-04-12,125.0,43.0,17.0,13.0,2.0,6.0
2024-04-13,90.0,68.0,25.0,19.0,4.0,14.0
2024-04-14,139.0,65.0,147.0,16.0,8.0,7.0
2024-04-15,125.0,60.0,23.0,27.0,2.0,8.0
2024-04-16,120.0,61.0,28.0,15.0,5.0,7.0
2024-04-17,129.0,62.0,33.0,23.0,10.0,13.0
2024-04-18,125.0,67.0,33.0,19.0,7.0,10.0
2024-04-19,125.0,63.0,24.0,10.0,4.0,5.0
2024-04-20,126.0,57.0,23.0,13.0,6.0,7.0
2024-04-21,109.0,53.0,18.0,11.0,6.0,6.0
2024-04-22,116.0,54.0,27.0,12.0,5.0,6.0
2024-04-23,119.0,48.0,28.0,7.0,9.0,4.0
2024-04-24,102.0,39.0,27.0,5.0,7.0,4.0
2024-04-25,93.0,61.5,27.0,12.0,5.0,6.0
2024-04-26,125.0,60.0,35.0,5.0,5.0,9.0
2024-04-27,122.0,58.0,29.0,5.0,12.0,5.0
2024-04-28,123.0,75.0,24.0,5.0,7.0,15.0
2024-04-29,143.0,68.0,26.0,5.0,4.0,8.0
2024-04-30,133.0,66.0,29.0,5.0,3.0,6.0
2024-05-01,95.0,68.0,40.0,5.0,12.0,4.0
2024-05-02,117.0,74.0,47.0,5.0,18.0,5.0
2024-05-03,133.0,81.0,50.0,13.0,17.0,8.0
2024-05-04,144.0,65.0,38.0,13.0,7.0,5.0
2024-05-05,118.0,40.0,20.0,13.0,4.0,5.0
2024-05-06,73.0,59.0,18.0,13.0,6.0,6.0
2024-05-07,123.0,41.0,23.0,13.0,11.0,6.0
2024-05-08,85.0,41.0,26.0,11.0,2.0,4.0
2024-05-09,95.0,42.0,15.0,37.0,3.0,7.0
2024-05-10,103.0,48.0,5.0,8.0,3.0,3.0
2024-05-11,96.0,65.0,19.0,12.0,4.0,5.0
2024-05-12,111.0,43.0,3.0,16.0,1.0,8.0
2024-05-13,93.0,65.0,28.0,13.0,9.0,6.0
2024-05-14,126.0,70.0,14.0,11.0,8.0,5.0
2024-05-15,142.0,69.0,24.0,9.0,1.0,6.0
2024-05-16,159.0,51.0,17.0,9.0,4.0,5.0
2024-05-17,120.0,32.0,12.0,8.0,3.0,2.0
2024-05-18,61.0,37.0,19.0,10.0,6.0,3.0
2024-05-19,82.0,49.0,16.0,15.0,5.0,7.0
2024-05-20,103.0,70.0,16.0,25.0,7.0,11.0
2024-05-21,141.0,50.0,24.0,8.0,4.0,3.0
2024-05-22,111.0,65.0,19.0,12.0,4.0,5.0
2024-05-23,111.0,73.0,17.0,31.0,5.0,15.0
2024-05-24,119.0,74.0,28.0,12.0,11.0,6.0
2024-05-25,150.0,91.0,17.0,15.0,5.0,9.0
2024-05-26,164.0,65.0,21.0,11.0,4.0,4.0
2024-05-27,111.0,60.0,19.0,6.0,3.0,2.0
2024-05-28,95.0,72.0,15.0,18.0,2.0,7.0
2024-05-29,101.0,76.0,17.0,13.0,3.0,5.0
2024-05-30,101.0,73.0,19.0,11.0,4.0,4.0
2024-05-31,107.0,63.0,17.0,4.0,1.0,3.0
2024-06-01,81.0,59.0,15.0,7.0,2.0,3.0
2024-06-02,120.0,47.0,13.0,15.0,5.0,7.0
2024-06-03,94.0,48.0,13.0,10.0,2.0,4.0
2024-06-04,88.0,50.0,20.0,13.0,2.0,5.0
2024-06-05,90.0,59.0,14.0,11.0,7.0,3.0
2024-06-06,111.0,39.0,24.0,7.0,4.0,3.0
2024-06-07,94.0,66.0,26.0,9.0,4.0,4.0
2024-06-08,115.0,63.0,2.0,8.0,3.0,3.0
2024-06-09,133.0,53.0,28.0,6.0,7.0,2.0
2024-06-10,100.0,67.0,30.0,6.0,6.0,3.0
2024-06-11,127.0,51.0,21.0,7.0,7.0,5.0
2024-06-12,94.0,49.0,16.0,8.0,1.0,4.0
2024-06-13,91.0,48.0,17.0,6.0,2.0,3.0
2024-06-14,91.0,32.0,14.0,7.0,1.0,3.0
2024-06-15,65.0,36.0,13.0,4.0,1.0,2.0
2024-06-16,72.0,58.0,7.0,8.0,2.0,4.0
2024-06-17,86.0,36.0,5.0,5.0,1.0,4.0
2024-06-18,71.0,44.0,9.0,9.0,1.0,5.0
2024-06-19,83.0,38.0,7.0,11.0,1.0,4.0
2024-06-20,58.0,34.0,7.0,6.0,1.0,3.0
2024-06-21,60.0,32.0,4.0,8.0,1.0,4.0
2024-06-22,61.0,42.0,4.0,8.0,2.0,3.0
2024-06-23,91.0,36.0,4.0,6.0,2.0,2.0
2024-06-24,80.0,31.0,4.0,6.0,2.0,3.0
2024-06-25,66.0,32.0,4.0,7.0,2.0,4.0
2024-06-26,69.0,28.0,2.0,6.0,2.0,4.0
2024-06-27,56.0,19.0,2.0,4.0,2.0,3.0
2024-06-28,43.0,28.0,2.0,6.0,1.0,5.0
2024-06-29,53.0,48.0,2.0,8.0,1.0,4.0
2024-06-30,77.0,25.0,2.0,5.0,1.0,4.0
2024-07-01,50.0,33.0,2.0,7.0,1.0,5.0
2024-07-02,67.0,32.0,1.0,7.0,2.0,3.0
2024-07-03,66.0,36.0,1.0,6.0,1.0,1.0
2024-07-04,70.0,41.0,1.0,4.0,1.0,2.0
2024-07-05,63.0,37.0,2.0,6.0,1.0,4.0
2024-07-06,66.0,27.0,2.0,6.0,1.0,3.0
2024-07-07,68.0,34.0,5.0,6.0,1.0,4.0
2024-07-08,68.0,29.0,2.0,5.0,1.0,3.0
2024-07-09,57.0,30.5,1.0,6.0,3.0,4.0
2024-07-10,62.0,32.0,1.0,10.0,2.0,13.0
2024-07-11,74.0,46.0,18.0,6.0,12.0,13.0
2024-07-12,75.0,40.0,1.0,10.0,4.0,12.0
2024-07-13,69.0,29.0,1.0,7.0,3.0,3.0
2024-07-14,63.0,36.0,1.0,5.0,4.0,4.0
2024-07-15,75.0,32.0,1.0,5.0,4.0,3.0
2024-07-16,69.0,33.0,1.0,10.0,4.0,4.0
2024-07-17,71.0,34.0,1.0,5.0,4.0,3.0
2024-07-18,54.0,30.0,1.0,7.0,2.0,6.0
2024-07-19,65.0,14.0,1.0,4.0,3.0,3.0
2024-07-20,42.0,15.0,1.0,4.0,3.0,3.0
2024-07-21,26.0,11.0,1.0,4.0,3.0,4.0
2024-07-22,24.0,31.0,2.0,7.0,3.0,5.0
2024-07-23,56.0,20.0,1.0,9.0,3.0,6.0
2024-07-24,39.0,24.0,1.0,4.0,3.0,3.0
2024-07-25,39.0,32.0,1.0,8.0,3.0,5.0
2024-07-26,61.0,17.0,1.0,5.0,3.0,3.0
2024-07-27,43.0,14.0,1.0,4.0,3.0,3.0
2024-07-28,42.0,20.0,1.0,8.0,3.0,5.0
2024-07-29,59.0,29.0,2.0,6.0,3.0,5.0
2024-07-30,61.0,30.0,2.0,6.0,2.0,4.0
2024-07-31,61.0,28.0,1.0,6.0,2.0,3.0
2024-08-01,51.0,26.0,1.0,8.0,3.0,5.0
2024-08-02,50.0,17.0,1.0,6.0,3.0,3.0
2024-08-03,39.0,15.0,2.0,4.0,3.0,2.0
2024-08-04,39.0,21.0,1.0,7.0,3.0,3.0
2024-08-05,39.0,74.0,1.0,6.0,2.0,4.0
2024-08-06,70.0,33.0,1.0,6.0,3.0,4.0
2024-08-07,57.0,25.0,1.0,5.0,2.0,3.0
2024-08-08,54.0,36.0,1.0,6.0,3.0,4.0
2024-08-09,64.0,23.0,1.0,5.0,2.0,2.0
2024-08-10,52.0,20.0,2.0,5.0,2.0,2.0
2024-08-11,41.0,29.0,1.0,6.0,2.0,4.0
2024-08-12,48.0,35.0,2.0,7.0,2.0,4.0
2024-08-13,43.0,30.0,2.0,8.0,3.0,4.0
2024-08-14,56.0,31.0,2.0,9.0,3.0,4.0
2024-08-15,56.0,38.0,1.0,11.0,4.0,7.0
2024-08-16,78.0,33.0,1.0,7.0,2.0,5.0
2024-08-17,77.0,27.0,1.0,4.0,2.0,2.0
2024-08-18,59.0,38.0,2.0,11.0,3.0,5.0
2024-08-19,57.0,32.0,3.0,10.0,3.0,6.0
2024-08-20,62.0,35.0,3.0,9.0,3.0,5.0
2024-08-21,65.0,39.0,4.0,9.0,3.0,4.0
2024-08-22,84.0,20.0,3.0,9.0,2.0,5.0
2024-08-23,31.0,17.0,2.0,6.0,3.0,4.0
2024-08-24,38.0,14.0,2.0,5.0,3.0,3.0
2024-08-25,35.0,21.0,2.0,6.0,3.0,4.0
2024-08-26,40.0,27.0,2.0,8.0,2.0,6.0
2024-08-27,50.0,26.0,3.0,12.0,3.0,5.0
2024-08-28,23.0,17.0,5.0,5.0,2.0,4.0
2024-08-29,19.0,25.0,3.0,8.0,3.0,4.0
2024-08-30,58.0,27.0,2.0,7.0,3.0,4.0
2024-08-31,51.5,27.0,2.0,7.0,3.0,4.0
2024-09-01,66.0,38.0,6.5,7.0,2.0,5.0
2024-09-02,66.0,19.0,3.0,5.0,3.0,1.0
2024-09-03,26.0,21.0,5.0,7.0,2.0,5.0
2024-09-04,50.0,43.0,4.0,10.0,3.0,7.0
2024-09-05,71.0,32.0,6.0,7.0,2.0,3.0
2024-09-06,61.0,15.0,7.0,4.0,2.0,2.0
2024-09-07,40.0,24.0,7.0,4.0,2.0,3.0
2024-09-08,52.0,26.0,21.0,4.0,6.0,5.0
2024-09-09,55.0,24.0,6.5,5.0,2.0,5.0
2024-09-10,57.0,32.0,2.0,11.0,1.0,4.0
2024-09-11,60.0,41.0,3.0,22.0,2.0,5.0
2024-09-12,65.0,39.0,3.0,7.0,2.0,4.0
2024-09-13,57.0,48.0,9.0,6.0,2.0,4.0
2024-09-14,68.0,34.0,10.0,5.0,2.0,2.0
2024-09-15,61.0,38.0,13.0,4.0,2.0,3.0
2024-09-16,77.0,42.0,12.0,4.0,1.0,3.0
2024-09-17,83.0,36.0,11.0,7.0,2.0,5.0
2024-09-18,65.0,58.0,12.0,10.0,2.0,6.0
2024-09-19,108.0,51.0,12.0,7.0,1.0,5.0
2024-09-20,96.0,52.0,8.0,9.0,2.0,5.0
2024-09-21,92.0,46.0,11.0,6.0,2.0,4.0
2024-09-22,82.0,43.0,13.0,6.0,2.0,4.0
2024-09-23,101.0,30.0,3.0,8.0,2.0,7.0
2024-09-24,67.0,41.0,6.0,8.0,2.0,8.0
2024-09-25,84.0,40.0,6.0,8.0,2.0,7.0
2024-09-26,84.0,25.0,3.0,8.0,2.0,6.0
2024-09-27,44.0,28.0,5.0,7.0,2.0,7.0
2024-09-28,44.0,37.0,2.0,8.0,2.0,10.0
2024-09-29,67.0,45.0,4.0,9.0,2.0,8.0
2024-09-30,84.0,40.0,7.0,8.0,3.0,7.0
2024-10-01,74.0,58.0,12.0,8.0,3.0,6.0
2024-10-02,103.0,56.0,10.0,9.0,3.0,6.0
2024-10-03,89.0,66.0,12.0,10.0,4.0,9.0
2024-10-04,124.0,71.0,12.0,11.0,9.0,5.0
2024-10-05,125.0,58.0,20.0,7.0,4.0,5.0
2024-10-06,100.0,68.0,22.0,12.0,6.0,8.0
2024-10-07,105.0,79.0,13.0,13.0,4.0,10.0
2024-10-08,148.0,77.0,12.0,11.0,4.0,11.0
2024-10-09,150.0,72.0,13.0,11.0,4.0,8.0
2024-10-10,141.0,52.0,8.0,8.0,2.0,7.0
2024-10-11,97.0,36.0,10.0,7.0,2.0,5.0
2024-10-12,65.0,38.0,9.0,5.0,2.0,4.0
2024-10-13,69.0,46.0,10.0,6.0,3.0,7.0
2024-10-14,88.0,58.0,51.0,8.0,7.0,11.0
2024-10-15,106.0,73.0,15.0,11.0,2.0,9.0
2024-10-16,150.0,84.0,13.0,11.0,2.0,9.0
2024-10-17,156.0,69.0,14.0,8.0,1.0,5.0
2024-10-18,133.0,68.0,16.0,9.0,4.0,6.0
2024-10-19,114.0,46.0,11.0,7.0,2.0,5.0
2024-10-20,94.0,75.0,18.0,8.0,4.0,10.0
2024-10-21,148.0,101.0,26.0,30.0,3.0,12.0
2024-10-22,163.0,79.0,23.0,13.0,7.0,9.0
2024-10-23,146.0,67.0,29.0,13.0,7.0,7.0
2024-10-24,129.0,59.0,19.0,10.0,8.0,6.0
2024-10-25,120.0,60.0,6.0,15.0,3.0,11.0
2024-10-26,114.0,61.0,16.0,13.0,16.0,5.0
2024-10-27,108.0,52.0,18.0,10.0,6.0,7.0
2024-10-28,97.0,72.0,19.0,16.0,16.0,9.0
2024-10-29,127.0,76.0,23.0,13.0,9.0,9.0
2024-10-30,137.0,72.0,28.0,11.0,5.0,6.0
2024-10-31,141.0,89.0,36.0,11.0,6.0,6.0
2024-11-01,151.0,113.0,51.0,13.0,8.0,7.0
2024-11-02,181.0,98.0,33.0,12.0,10.0,8.0
2024-11-03,163.0,101.0,39.0,13.0,9.0,9.0
2024-11-04,166.0,107.0,39.0,15.0,12.0,11.0
2024-11-05,169.0,103.0,42.0,13.0,12.0,11.0
2024-11-06,170.0,165.0,56.0,12.0,12.0,10.0
2024-11-07,176.0,88.0,44.0,13.0,11.0,11.0
2024-11-08,164.0,87.0,44.0,15.0,16.0,12.0
2024-11-09,163.0,86.0,39.0,13.0,8.0,10.0
2024-11-10,162.0,75.0,44.0,11.0,9.0,10.0
2024-11-11,150.0,83.0,46.0,12.0,15.0,8.0
2024-11-12,148.0,86.0,42.0,12.0,9.0,11.0
2024-11-13,155.0,86.0,44.0,10.0,7.0,10.0
2024-11-14,155.0,89.0,52.0,7.0,14.0,11.0
2024-11-15,153.0,99.0,40.0,12.0,13.0,10.0
2024-11-16,163.0,93.0,51.0,9.0,2.0,9.0
2024-11-17,162.0,93.0,44.0,6.0,1.0,10.0
2024-11-18,157.0,89.0,60.0,10.0,7.0,11.0
2024-11-19,152.0,89.0,34.0,8.0,4.0,6.0
2024-11-20,156.0,92.0,33.0,10.0,16.0,9.0
2024-11-21,160.0,99.0,40.0,12.0,7.0,13.0
2024-11-22,166.0,106.0,35.0,14.0,13.0,12.0
2024-11-23,177.0,87.0,36.0,11.0,5.0,9.0
2024-11-24,161.0,93.0,30.0,11.0,3.0,10.0
2024-11-25,146.0,77.0,34.0,11.0,5.0,10.0
2024-11-26,135.0,71.0,31.0,8.0,3.0,8.0
2024-11-27,120.0,82.0,34.0,6.0,3.0,6.0
2024-11-28,139.0,90.0,40.0,9.0,10.0,7.0
2024-11-29,158.0,92.0,34.0,8.0,9.0,7.0
2024-11-30,166.0,85.0,28.0,5.0,13.0,5.0
2024-12-01,160.0,77.0,24.0,4.0,9.0,3.0
2024-12-02,338.0,89.0,14.0,8.0,21.0,12.0
2024-12-03,161.0,89.0,25.0,7.0,8.0,11.0
2024-12-04,161.0,93.0,35.0,6.0,10.0,9.0
2024-12-05,158.0,99.0,30.0,9.0,10.0,10.0
2024-12-06,168.0,72.0,6.0,4.0,3.0,3.0
2024-12-07,135.0,85.0,22.0,5.0,6.0,8.0
2024-12-08,152.0,47.0,28.0,3.0,3.0,3.0
2024-12-09,83.0,58.0,28.0,4.0,8.0,3.0
2024-12-10,76.0,83.0,27.0,8.0,19.0,9.0
2024-12-11,127.0,102.0,44.0,10.0,19.0,14.0
2024-12-12,151.0,92.0,18.0,18.0,25.0,6.0
2024-12-13,146.0,79.0,18.0,10.0,8.0,7.0
2024-12-14,117.0,70.0,14.0,12.0,3.0,8.0
2024-12-15,121.0,81.0,22.0,16.0,8.0,11.0
2024-12-16,141.0,110.0,18.0,19.0,13.0,18.0
2024-12-17,159.0,106.0,26.0,21.0,6.0,16.0
2024-12-18,167.0,124.0,28.0,20.0,6.0,20.0
2024-12-19,183.0,112.0,18.0,16.0,12.0,13.0
2024-12-20,172.0,80.0,21.0,12.0,11.0,5.0
2024-12-21,151.0,88.0,22.0,13.0,8.0,9.0
2024-12-22,157.0,93.0,15.0,14.0,5.0,12.0
2024-12-23,158.0,103.0,17.0,14.0,5.0,16.0
2024-12-24,158.0,75.0,15.0,11.0,5.0,7.0
2024-12-25,133.0,77.0,17.0,13.0,14.0,9.0
2024-12-26,140.0,67.0,11.0,10.0,4.0,6.0
2024-12-27,119.0,50.0,8.0,7.0,3.0,6.0
2024-12-28,91.0,59.0,15.0,8.0,11.0,6.0
2024-12-29,100.0,85.0,18.0,10.0,8.0,9.0
2024-12-30,151.0,85.0,18.0,10.0,8.0,9.0
2024-12-31,151.0,90.0,4.0,18.0,1.0,11.0
